X,y,c,i1,i2,i3
0.39613583935890734,-0.3796398685007957,3,0,0,0
3.8140556905206053,0.28893280016125267,5,0,1,1
-0.2771588140748352,-0.10109715544719707,3,0,0,0
-0.7186031472904407,0.4066718977107482,3,0,0,0
1.3722915463885694,1.075102739978142,4,0,2,2
3.717398675273395,0.3667403560798159,5,0,1,1
4.6066151644748405,0.33786909994901226,5,0,1,1
1.1485649756775984,1.4063085960490254,4,0,2,2
1.8503811384332671,0.498936430532918,4,0,0,2
0.8561720559361269,0.24587340842989985,4,0,0,2
1.4986642987775514,-0.2865645104188965,3,0,0,0
0.5339698148363131,-0.5312918980949886,3,0,0,0
3.118330637301142,0.11111078066294817,5,0,1,1
0.3251535028683656,-0.02647461996446961,3,0,0,0
3.4375798312141663,1.4078635628120275,4,0,2,2
2.378432366182977,1.2782923856714312,4,0,2,2
-0.06050169858184076,-0.04444671527943468,3,0,0,0
0.477933261833328,-0.3079199478059396,3,0,0,0
2.001985850786778,0.8213747887820636,4,0,2,2
5.360257721813851,0.16922697920122762,5,0,1,1
1.300314808257778,0.34966835195181445,4,0,0,2
6.354849729648513,0.20310202258787846,5,0,1,1
1.5136299249029184,0.9942177311848271,4,0,2,2
2.2603881785468776,2.240432520063283,4,1,2,2
4.606076402631481,0.3417623977487675,5,0,1,1
0.23474571683865122,0.37563334125348685,4,0,0,2
5.458234222329145,-0.13952894583541992,5,0,1,1
0.4508448590188067,0.7681658057981935,4,0,0,2
1.3031564707545118,-1.2179322198203912,3,0,0,0
0.6110029935393342,-0.6419955544321733,3,0,0,0
3.1139051900164367,1.424339896735635,4,0,2,2
0.9641114884173109,-0.3820352442633091,3,0,0,0
0.8864187012442972,-0.6959966073050289,3,0,0,0
0.3514351342358488,-0.5406323521808358,3,0,0,0
3.8965079503620634,0.1543075573358879,5,0,1,1
1.3071330437194673,-0.5486335135662066,3,0,0,0
2.7287986474873813,1.603532967051115,4,0,2,2
2.071302865447626,0.8504053041619164,4,0,2,2
1.527001266360034,-0.5809299494584523,3,0,0,0
1.053875466176308,-0.5623137239660158,3,0,0,0
0.1077705907572641,-0.031613812076407725,3,0,0,0
1.3610278198216164,0.2763196379930002,4,0,0,2
5.108201050069216,-0.05746761930769537,5,0,1,1
-0.5006927947289765,0.22849559274327783,3,0,0,0
0.8877975080631367,-0.43742357722283426,3,0,0,0
4.2709706386307,0.2342351383259361,5,0,1,1
1.392542563902647,-0.8639976280041646,3,0,0,0
3.9829944408859634,0.1524476039503214,5,0,1,1
1.8475040463853207,0.9356634225145681,4,0,2,2
0.3722554762999282,-0.306223455190432,3,0,0,0
2.962707293315888,1.238439081557084,4,0,2,2
4.846676300641041,0.2316459441436388,5,0,1,1
3.680196978067353,0.5027874338648074,5,0,1,1
3.090255529891509,2.075734808797445,4,2,2,2
1.55183139293227,-0.9447600705605289,3,0,0,0
4.2128073884849035,0.19772498198627267,5,0,1,1
4.5613965198321935,0.320275335962538,5,0,1,1
6.655044381770834,0.20099966955782494,5,0,1,1
3.4559359002532446,2.494974705326998,4,2,2,2
4.6158061819412275,0.29696364787535917,5,0,1,1
0.19074786743536332,-0.09464982368502727,3,0,0,0
5.1985206934342045,0.13267279461185813,5,0,1,1
4.265798436522506,0.3047562718957888,5,0,1,1
4.7691512548078645,0.2616009770275021,5,0,1,1
1.491190261284749,-1.0429160653907876,3,0,0,0
0.35861167387578047,-0.15573069327648317,3,0,0,0
0.10520279499388781,0.05052017685212798,3,0,0,0
4.059652619446343,0.20536596878425858,5,0,1,1
1.059254496949282,-0.8076692736275177,3,0,0,0
1.300027313801062,0.49468726386169987,4,0,0,2
1.7830395798466492,1.206764323691479,4,0,2,2
0.5861432433180471,-0.05380227427846056,3,0,0,0
0.41166947283598665,0.35517142449808653,3,0,0,2
5.082273829653328,0.2007691988788233,5,0,1,1
0.06738869946081777,-0.27452865492660133,3,0,0,0
3.30473514611767,0.29081507762930997,5,0,1,1
0.008652497093221006,-0.1733521539932465,3,0,0,0
1.9090274018850606,-0.9766178441161538,3,0,0,0
0.9874019896143811,-0.7556384609037221,3,0,0,0
0.05175972572060403,0.26402628599275246,3,0,0,0
1.0328908599620839,-0.24636495223021385,3,0,0,0
0.9288232550166651,-0.29282584565559894,3,0,0,0
3.418302838128047,0.37558116834818134,5,0,1,1
3.705675289740458,-0.04546588807910774,5,0,1,1
0.3687625599404918,-0.09992857295159735,3,0,0,0
4.2892999014813995,0.2869090712459778,5,0,1,1
0.2516721670560467,-0.14201047187332402,3,0,0,0
4.139613674484809,0.10641910370857492,5,0,1,1
1.1093337490668063,1.1645392431704507,4,0,2,2
4.566185157588319,0.36533512457231976,5,0,1,1
2.75640957991463,1.9296826427424436,4,1,2,2
1.8460892394195385,1.5082623404771438,4,0,2,2
0.6180430316055158,-0.24860236992205115,3,0,0,0
0.15429028747010493,0.09080903831905386,3,0,0,0
1.406572464812321,0.9369409206327556,4,0,2,2
1.4867242518560841,0.401784174541556,4,0,0,2
3.361593404267625,0.13360977263135518,5,0,1,1
-0.054846007990555654,-0.5533786595944558,3,0,0,0
0.7253540200044278,0.5179760172495477,4,0,0,2
6.29565957768415,0.1537054167805905,5,1,1,1
3.703418389429361,0.13025436836545848,5,0,1,1
-0.12033165130401571,-0.09257540438645365,3,0,0,0
0.2249791670951308,-0.06253168435946824,3,0,0,0
1.7929266897382063,0.999554723293028,4,0,2,2
2.2060319483324453,1.003914342212587,4,0,2,2
0.10473717669837554,-0.13434128892409322,3,0,0,0
0.30148263242398826,0.185709957851517,4,0,0,0
1.3728740318978592,-0.6266502334055801,3,0,0,0
0.5772610865110893,-0.45218462466531417,3,0,0,0
1.6305737121140043,-1.1170037724457234,3,0,0,0
2.9807374112172655,2.2380912809569753,4,2,2,2
0.3487222999291108,0.5354732808104716,4,0,0,2
3.585465557120912,-0.017492417090142928,5,0,1,1
1.4307020347347306,0.8870176272156128,4,0,2,2
0.032539529969862035,-0.402478051332748,3,0,0,0
0.2862787832623668,-0.0861469812181992,3,0,0,0
2.9407648817678735,1.0701398994158169,4,0,2,2
5.315238121185282,0.24978648879591836,5,0,1,1
5.081783565475286,0.39772006708745933,5,0,1,1
4.552431639918991,0.3358280724995257,5,0,1,1
1.4740735886705147,-0.9059370309340911,3,0,0,0
1.5122839565823876,0.6413600769986602,4,0,0,2
4.957487441039597,0.07710507665515678,5,0,1,1
-1.1725354033196267,0.6615064256972325,3,0,0,0
2.648831287080298,2.5409343666330098,4,1,2,2
0.4772768673149041,-0.697969753944681,3,0,0,0
2.780820501955756,1.5908832219420885,4,0,2,2
3.958173712554651,0.20409393495542716,5,0,1,1
0.4506752458877971,-0.4994144449944316,3,0,0,0
3.2968138949948367,0.18982304851608744,5,0,1,1
3.5002329655521205,-0.006126090235825173,5,0,1,1
0.21155865964529538,-0.5517639259349854,3,0,0,0
2.8784798277684267,1.4251929867225386,4,0,2,2
3.067161991487627,2.066404599010256,4,2,2,2
5.182554491300344,0.16712079124089216,5,0,1,1
0.45812509219610087,-0.6292772836921592,3,0,0,0
3.8500206330543474,0.3006000820005988,5,0,1,1
2.3543239702687697,1.35176453977248,4,0,2,2
4.266193010214422,0.08127068601537334,5,0,1,1
2.2362239473819097,1.3196980875254023,4,0,2,2
1.9806165058977447,1.2728220854099839,4,0,2,2
2.574783679189793,0.3378331181859392,5,0,0,1
3.8389353952345067,0.2867508761240693,5,0,1,1
3.1154158425068994,1.73041999758738,4,1,2,2
3.7245929883133493,0.12527858238166492,5,0,1,1
3.0983510311419686,2.1913542806363995,4,2,2,2
3.4322072773092147,0.3549618038807418,5,0,1,1
3.4783122110557727,1.819468609794864,4,1,2,2
0.8695108670757754,-0.7559320515283833,3,0,0,0
4.161252729618607,0.15545560564001074,5,0,1,1
1.9173287982643563,1.8021741664702855,4,0,2,2
4.673043412330193,0.04277635504455359,5,0,1,1
1.4061712683594072,0.8385505643513196,4,0,2,2
2.8218224635883313,1.9652968897786882,4,1,2,2
2.9241247494644003,1.8708052928122074,4,1,2,2
2.526068909955662,1.1541699246835864,4,0,2,2
0.4665489293565433,-0.5337482750988227,3,0,0,0
4.375590493162684,0.2849877507551645,5,0,1,1
0.34278374674571793,-0.5008400365638036,3,0,0,0
3.460625993580658,0.18244475676715297,5,0,1,1
4.269032162751348,0.36711475235449725,5,0,1,1
2.792786572347461,2.1558601201414493,4,1,2,2
4.29291275927386,0.29764483932231717,5,0,1,1
3.8620717406578264,2.6034181311554723,4,2,2,2
4.568194590965876,0.27579899209470154,5,0,1,1
4.281169607369553,0.5039974185375866,5,0,1,1
1.8325539287327857,1.6888609406938495,4,0,2,2
0.42414334615859983,-0.23925926747282694,3,0,0,0
-0.6387660976060571,0.17843431293411635,3,0,0,0
4.304061797093456,-0.01697819573832112,5,0,1,1
3.5891323119487533,0.27295279914633674,5,0,1,1
1.613320516657559,0.48792131575293973,4,0,0,2
2.589750059282744,1.9036130290927513,4,1,2,2
0.6747846245787368,-0.44126562986518486,3,0,0,0
4.6951356746542725,2.736123900999038,4,2,2,2
0.5765822966871742,-0.6539492740556846,3,0,0,0
2.130333121696288,2.1981903372305136,4,1,2,2
2.332391367817713,1.4555809458551663,4,0,2,2
2.77657280869179,1.4194788404024294,4,0,2,2
3.321134602391366,1.6316448489506052,4,1,2,2
0.4016556182830622,-0.35051089101503463,3,0,0,0
4.338637142070645,0.16627380150502402,5,0,1,1
1.818636800438652,-1.1812771774403539,3,0,0,0
1.408019716972193,0.8171869003273012,4,0,2,2
1.5575602199293546,0.19117954406340074,4,0,0,2
3.9270194415175026,0.18873707630604286,5,0,1,1
0.9306959814891166,-0.8141060090600039,3,0,0,0
4.232558679236299,0.20505647461049747,5,0,1,1
0.04403395589273438,-0.2125755851765835,3,0,0,0
3.692957944529476,0.02301269130239391,5,0,1,1
1.6518206099477364,1.726612943320012,4,0,2,2
4.049258182022257,0.021697113941760306,5,0,1,1
1.6814114813792052,1.1022059423493453,4,0,2,2
3.371445310421086,0.3247015758387049,5,0,1,1
4.698882329330739,0.2581268284398384,5,0,1,1
0.3842451127310353,-0.36344580520306646,3,0,0,0
0.7665695913100147,-0.37949568947080586,3,0,0,0
4.257949100600078,0.3333196104354415,5,0,1,1
0.41042853417345104,-0.5230457346292621,3,0,0,0
3.2353417414982997,1.6357353916661106,4,1,2,2
0.7211784592225619,-0.691156807620027,3,0,0,0
4.11505942561104,0.17540692588750154,5,0,1,1
0.06732018900825548,-0.22986839472001813,3,0,0,0
0.6483128712886234,0.46388691210812116,4,0,0,2
4.838288109542329,0.21440592444800477,5,0,1,1
1.0097221847017184,-0.9441147849142341,3,0,0,0
0.07789147766757175,-0.3537558965998198,3,0,0,0
0.43848447581682376,-0.27260444415013557,3,0,0,0
2.5707554742840233,1.3899727476312196,4,0,2,2
1.1454187070586315,-0.5247259642296414,3,0,0,0
0.2349387097237801,-0.425565604651661,3,0,0,0
4.12946437317999,0.12064128567807919,5,0,1,1
3.5479666194227124,0.19653979750782102,5,0,1,1
1.950041206292247,1.0493484986604202,4,0,2,2
3.275493463537163,2.174781410037214,4,2,2,2
0.4227097247171341,-0.21437376977579903,3,0,0,0
4.290634665192014,0.41726557295195693,5,0,1,1
1.23061086491159,0.88430620725491,4,0,2,2
3.39788098187064,0.11235291162176907,5,0,1,1
0.5642029086875628,-0.37545733406074894,3,0,0,0
1.7128780898726974,1.6820853122945931,4,0,2,2
0.23560848174556911,-0.18793013624499585,3,0,0,0
4.3726930557957875,0.3561381278776031,5,0,1,1
4.793852603912563,0.21637311622539623,5,0,1,1
2.106673629606508,0.9388575171205621,4,0,2,2
2.398149887881743,1.4821990087410564,4,0,2,2
1.7545755419930347,-1.0812557854751608,3,0,0,0
5.421146597824742,0.3047443008466727,5,0,1,1
4.621529681549774,0.10965188930110144,5,0,1,1
3.108948463056906,0.3688995018232048,5,0,1,1
4.36262500962183,0.13903541672981523,5,0,1,1
1.2747988668970751,-0.5936465106664762,3,0,0,0
0.047806398441923824,-0.09782859848591395,3,0,0,0
5.620023966659244,0.18355794960340302,5,1,1,1
0.9244842172387804,-0.759177066889066,3,0,0,0
5.588103341550088,0.07246187124324605,5,1,1,1
5.08676025532036,0.30048911738058925,5,0,1,1
1.6822067078157537,0.8149073109914036,4,0,2,2
0.10328936003265668,0.037567856179588806,3,0,0,0
5.264459597325202,-0.044146704034932,5,0,1,1
4.277366244586565,0.35636655590660143,5,0,1,1
0.339081687784126,-0.23005956134337135,3,0,0,0
5.770137340511503,3.2507569988175082,4,0,2,2
0.83452158013615,-0.7818735451442135,3,0,0,0
4.255966148963455,0.08565110757399705,5,0,1,1
4.629800951378291,2.6877705859946373,4,2,2,2
5.441656272298335,0.07794422115646982,5,0,1,1
0.9206118289834092,-0.3582617886493631,3,0,0,0
5.049819554223087,0.01817936508376183,5,0,1,1
0.3700953578276567,-0.44293126878469535,3,0,0,0
2.218941467022595,1.3919873206961138,4,0,2,2
0.2738316837396757,-0.14033971867488204,3,0,0,0
2.112041020757085,1.2640448741937054,4,0,2,2
1.5374928278820978,0.46046258936190543,4,0,0,2
3.4895494338665456,2.450864475740153,4,2,2,2
5.64842155518085,0.07332863382460694,5,1,1,1
4.12403246330996,0.14668660184046203,5,0,1,1
1.2719066710237963,0.7214314628995876,4,0,0,2
0.9715308038304854,-0.4379944574459729,3,0,0,0
-0.5455431363597337,-0.05876272238945065,3,0,0,0
3.9779004451968483,0.16174963231339512,5,0,1,1
3.154829630368144,0.3567154469432543,5,0,1,1
4.4379951008067255,0.43226801174491725,5,0,1,1
2.9819501203613523,0.12187583669269522,5,0,1,1
0.5439230346023997,0.0006710071002408527,3,0,0,0
3.0373955358268065,-0.03247867532915445,5,0,0,1
1.6713755096582736,1.0365033988761765,4,0,2,2
0.5408815584123404,1.1361444099422398,4,0,0,2
1.197520213048466,-0.6064377979546519,3,0,0,0
3.9890200129475617,2.3692634277112044,4,2,2,2
-0.020075140274061837,-0.2612620994985085,3,0,0,0
3.9864058870274675,0.304961839557219,5,0,1,1
1.7830815729461722,0.8666865576117987,4,0,2,2
2.4669832534796687,1.3184032363342348,4,0,2,2
1.7986345154696644,1.2526316772052895,4,0,2,2
1.383190334479194,-1.201620752721088,3,0,0,0
-0.41469536790472966,0.1460762146932938,3,0,0,0
-0.8079967587792054,0.2544782956658226,3,0,0,0
0.10578973202142122,-0.025764859129904002,3,0,0,0
0.39656955468390376,-0.3288036790380334,3,0,0,0
0.03631654326138189,-0.16573898893735672,3,0,0,0
-0.17200539177621033,-0.0055929592319493545,3,0,0,0
1.7195779127528472,1.2330622764006542,4,0,2,2
0.6188980061567015,-0.14601109123263498,3,0,0,0
4.1297656788272405,0.3191476095352181,5,0,1,1
1.3117060310466069,0.6459271970818716,4,0,0,2
4.762246213448132,0.21018170067363903,5,0,1,1
4.832334341761839,0.2224879110554785,5,0,1,1
1.9212909714259878,1.0151528365780926,4,0,2,2
0.6317452434591213,-0.46743343033566054,3,0,0,0
2.074602460980341,1.1457714965470076,4,0,2,2
3.9028256615503896,2.929083596927514,4,2,2,2
1.1843125990882561,-0.7641320904632943,3,0,0,0
5.064199434840162,0.39256264196531365,5,0,1,1
1.552357415144605,0.5109881671096228,4,0,0,2
1.9041518661116819,1.0156344123917378,4,0,2,2
0.27210507268517636,-0.34008634442834196,3,0,0,0
1.8884532143634933,0.7156531498368374,4,0,0,2
2.9558569315260037,1.4757428936854793,4,0,2,2
0.22991845347694959,-0.4752509459011873,3,0,0,0
1.287364252734674,0.716377472154032,4,0,0,2
0.49590789532816215,-0.16688727271384998,3,0,0,0
3.3261121487887704,0.2561297899657243,5,0,1,1
2.318257365941164,1.84767395595035,4,0,2,2
4.512570920148496,0.23579935154856457,5,0,1,1
1.2001612997552704,-0.34666540518089795,3,0,0,0
1.5602770680119167,-0.7113692141644333,3,0,0,0
3.4867133029015744,0.11291266621238981,5,0,1,1
1.2564896003106851,-0.8062080033714547,3,0,0,0
0.890317023674902,1.0058625844437157,4,0,2,2
1.2563919752084804,1.2260749647699907,4,0,2,2
3.2898838044251875,2.0698684192186176,4,2,2,2
0.3039837352649201,-0.3211855020535353,3,0,0,0
4.9739978605665955,0.14062806435337555,5,0,1,1
0.6045646758837185,-0.5358388562815941,3,0,0,0
0.4364147478620753,-0.37784976392738684,3,0,0,0
3.4939893267833355,2.3758961657434092,4,2,2,2
4.049181979206712,0.25798809375418424,5,0,1,1
1.3911287666759176,1.2409356326076533,4,0,2,2
1.5430908678656017,-1.1829653123500963,3,0,0,0
3.880034235807608,-0.0728134715902822,5,0,1,1
2.9185444174476345,1.8209153259202024,4,1,2,2
0.7417348447331458,0.9391885733966717,4,0,0,2
1.7454346944389336,-0.7554285312224707,3,0,0,0
3.433245736557263,2.6871439977049922,4,2,2,2
-0.39159180704853236,0.08352786906008186,4,0,0,0
0.4011232743949578,-0.1672254558469355,3,0,0,0
3.8281082323081157,0.41636259239113904,5,0,1,1
1.2810941326889111,-0.615622701376302,3,0,0,0
4.230472406209175,0.2782932040493344,5,0,1,1
5.039063657807275,0.11778790825390761,5,0,1,1
4.279379348277583,0.323963667804484,5,0,1,1
0.4678415077238566,-0.2836868327024259,3,0,0,0
0.9998088861277159,-0.4217567835458002,3,0,0,0
0.3095738102450055,-0.2968539614700254,3,0,0,0
5.006086781087384,0.21253215493908195,5,0,1,1
0.06311638454828837,-0.013403203744507673,3,0,0,0
4.5445736188748125,0.22207952220801994,5,0,1,1
3.180349626676771,0.19572290940066805,5,0,1,1
0.6910554023871804,0.34254180406222434,4,0,0,2
3.6441512185050104,2.1838081383803476,4,2,2,2
0.14070704250340033,-0.30975497843282357,3,0,0,0
2.670714972201582,1.542847673603403,4,0,2,2
1.0324547526178074,1.0269041564040156,4,0,2,2
0.10546636986277406,-0.2647575681278633,4,0,0,0
3.1099783112046513,2.37734243551631,4,2,2,2
4.961053965336496,0.355972964179961,5,0,1,1
3.5724540079171114,0.07503023961271318,5,0,1,1
3.86132242381947,0.2602678414308098,5,0,1,1
1.3309465355600758,1.0767528128270794,4,0,2,2
2.137729735758397,1.914076761787295,4,0,2,2
2.2778001770618332,1.594111677474319,4,0,2,2
2.099996878315385,1.7263706595002677,4,0,2,2
2.9279164365299724,0.1377997618407503,5,0,1,1
-0.286688648855506,-0.0734204373079314,3,0,0,0
4.0337593177408575,0.1358268021622276,5,0,1,1
0.2527331069253683,0.0735454015659175,3,0,0,0
-0.3617243109687666,0.25017849280792304,3,0,0,0
2.728893858035583,2.5880124811701166,4,2,2,2
0.21254563770462334,-0.2586973294448593,3,0,0,0
3.8271634869492943,0.19584320383920853,5,0,1,1
4.703316798040638,0.10634026873008533,5,0,1,1
1.8865290656257052,0.903231881570377,4,0,2,2
0.21591985861194618,-0.1154439688819047,3,0,0,0
3.5989482679682303,0.36460825884039877,5,0,1,1
3.25500946606102,2.093226263408476,4,2,2,2
3.2797564705177513,0.22921153424511748,5,0,1,1
0.725221273630251,0.4961666102720624,4,0,0,2
0.014732966358364023,-0.165131704504893,4,0,0,0
0.5308533032370166,-0.584047079316301,3,0,0,0
1.5213695553871782,-1.1731414532980642,3,0,0,0
4.035373276314088,0.2880808954239228,5,0,1,1
1.6744619915119057,1.1967589426720626,4,0,2,2
0.4829177519297581,-0.2000619927548432,3,0,0,0
4.586323861031683,0.16573901624167406,5,0,1,1
3.013839177767105,0.08379099724704375,5,0,1,1
0.5833891977145015,0.6779884437546352,4,0,0,2
1.1268834673179324,-0.8601390738986845,3,0,0,0
5.020004231283637,0.2420930572238774,5,0,1,1
1.979868616335754,1.1859307113663722,4,0,2,2
2.498281342173023,1.7616790171817036,4,0,2,2
0.9369575245373708,-0.5827288142729303,3,0,0,0
4.9485506316084305,0.14615173102550102,5,0,1,1
3.7972485932895146,0.26037051370820163,5,0,1,1
2.0468709472940048,0.7518139612532814,4,0,0,2
3.530956954550863,0.2902562719078458,5,0,1,1
1.0426244535338607,1.0837034619249417,4,0,2,2
1.5349081273819034,0.41091752017635497,4,0,0,2
4.316805845117285,0.27014112885733216,5,0,1,1
1.2514265411780228,-0.5821185325480637,3,0,0,0
2.0854858531572344,1.160186795719248,4,0,2,2
1.9650501676383514,1.6648873757129616,4,0,2,2
0.511417160843291,-0.38379260788908887,3,0,0,0
1.5327911561807428,1.0898833878145122,4,0,2,2
2.7590920842976634,1.3277175482177155,4,0,2,2
0.9485548914956151,0.9985664812279945,4,0,2,2
4.448189343222712,0.22963621595586794,5,0,1,1
0.395810902666991,0.1212943602476294,3,0,0,0
1.2280975216978631,-0.8609740548154121,3,0,0,0
2.315669175679095,1.6858487636840862,4,0,2,2
1.3565229772484728,0.39038964183320024,4,0,0,2
1.9963465210167999,1.6211207032691417,4,0,2,2
2.4589588161620726,2.1508363319061456,4,1,2,2
1.9709245070172683,1.6008372474316483,4,0,2,2
0.14989573307557943,-0.20015325472217801,3,0,0,0
-0.25747924247528053,0.08985876662856197,3,0,0,0
3.238647679265655,0.3115226093764042,5,0,1,1
5.441214515719779,0.20806999947357413,5,0,1,1
0.03460053963912949,0.8706124219686129,4,0,0,2
-0.027910386457179467,-0.2331730551837173,3,0,0,0
1.1797344612556313,-0.5009177223695305,3,0,0,0
4.418231380214148,0.28626600964909027,5,0,1,1
0.6460581407736886,-0.15084860629523497,4,0,0,0
1.073967233511585,-0.7826151982337172,3,0,0,0
2.092669863007891,1.8871450368196674,4,0,2,2
0.2471502424842565,-0.11820266079038715,3,0,0,0
3.3789610274823856,2.3253060366672478,4,2,2,2
3.4677797994411623,0.17736169689258147,5,0,1,1
0.5746688850519043,-0.32049261907313503,3,0,0,0
2.602127152310525,1.790129687007944,4,0,2,2
0.5716861879666508,-0.8092249048626943,3,0,0,0
5.14280062004793,-0.02575093364804098,5,0,1,1
0.3514141530707873,-0.18058282057522923,3,0,0,0
0.5584777917420194,-0.6344480322997978,3,0,0,0
3.5581281845830026,0.4744848263489682,5,0,1,1
2.025503473261241,0.44768976429139407,4,0,0,2
0.43975477078338415,0.16067444315388638,3,0,0,2
5.423788837978747,0.07036384257155927,5,0,1,1
4.632669750250669,0.191009620710336,5,0,1,1
3.288831768455032,0.12940499445027934,5,0,1,1
1.5170834006135716,-1.2188314503062052,3,0,0,0
0.6417873227485208,0.03314548460488141,3,0,0,0
-0.3581918986449258,-0.018393971839962647,3,0,0,0
1.759568967393176,1.189033453159499,4,0,2,2
5.858689780815405,0.3557128120048079,5,0,1,1
1.9551105340296278,1.7796391016288415,4,0,2,2
0.5964728818903265,0.5935411498458258,4,0,0,2
4.308560602919396,2.811090335093543,4,2,2,2
2.1538449269383553,2.160988853242181,4,1,2,2
0.7477212560932319,0.8214804175689653,4,0,0,2
0.9781514925731598,-0.2509089509708845,3,0,0,0
-0.0477570112443801,-0.024279954671464436,3,0,0,0
0.5039950563193933,-0.2932822405884684,3,0,0,0
3.9044593883133096,0.23354674579519996,5,0,1,1
4.43307085070845,0.2039974316231785,5,0,1,1
1.7827758706725534,0.45094584423049744,4,0,0,2
2.491672889479989,1.6245685392144167,4,0,2,2
5.561889614484238,0.04406431893833269,5,0,1,1
4.1759717043654385,0.2854092530686146,5,0,1,1
1.1003384149392745,0.40750776446857573,4,0,0,2
2.3211342881989556,-0.8957030254317779,3,0,0,0
0.24348023026942,-0.15816272540036092,3,0,0,0
0.5767276611278898,-0.5080270164342253,3,0,0,0
1.9460870530907222,-0.9645284372723575,3,0,0,0
3.0395640188848665,1.8157512863999694,4,1,2,2
0.9462900753281256,-0.6588971391311306,3,0,0,0
0.24597996907598546,-0.0649383282507739,3,0,0,0
4.872544353244758,0.10964603430254923,5,0,1,1
0.8959913753012839,-0.6216067077996436,3,0,0,0
1.4907423390100651,-0.9345195902316575,3,0,0,0
1.036877150822758,0.5159498663393544,4,0,0,2
2.361187191770324,0.19161284519898036,5,0,0,1
1.8549497785535392,-1.378127439373255,3,0,0,0
4.105910927634942,0.31433031170079667,5,0,1,1
1.7044228678126718,-1.3786743189756445,3,0,0,0
0.8134245397029313,0.8437266195962944,4,0,0,2
3.9199756669461934,0.07166072414313784,5,0,1,1
-0.2707473858558311,0.22194576963338264,3,0,0,0
0.764637499979926,-0.3043808849269154,3,0,0,0
4.631870975399374,0.45828529195514817,5,0,1,1
0.9541370026503808,-0.5392937247996656,3,0,0,0
5.652751820109933,0.1553439501651152,5,1,1,1
0.9717908959681147,-0.5853533787326728,3,0,0,0
1.3354563927383323,1.6442965876317577,4,0,2,2
0.9303382623571024,0.27302020341962585,4,0,0,2
2.2582109616161525,1.1458124956510052,4,0,2,2
-0.14409323977756766,0.16946039429907883,3,0,0,0
2.2128586621345683,1.33266537676207,4,0,2,2
4.258811560546339,0.26000563018262773,5,0,1,1
0.6845861004446687,0.9898083345298784,4,0,0,2
0.35397654920679533,-0.26769777965641617,4,0,0,0
0.561705170196313,-0.4732854627458351,3,0,0,0
-0.45441491923719846,0.1294934193382311,3,0,0,0
4.255654778877734,0.22950217027024064,5,0,1,1
1.834765092028669,1.1800472179080366,4,0,2,2
3.985475778502776,0.12071019481748534,5,0,1,1
4.473086537823104,0.11902705548898433,5,0,1,1
0.49677657973573686,-0.26518289110902754,3,0,0,0
1.174690967743684,-0.36594763721585577,3,0,0,0
3.2104619590210435,1.5222032783691306,4,0,2,2
2.8935446010684673,2.170857386410413,4,2,2,2
1.5691699577580072,-1.1511495914843466,3,0,0,0
3.055130867680201,0.5201463660667986,5,0,0,1
0.9542413842779833,0.9485034980988585,4,0,2,2
-0.7988793037606713,0.6049467829946615,3,0,0,0
4.745808508233856,0.18970647325110263,5,0,1,1
-0.11577952691015449,0.1052947513574214,3,0,0,0
4.668100798936079,0.08373780563918384,5,0,1,1
3.7248109573684505,0.36538779198809573,5,0,1,1
3.2320295166040918,1.5315447804302225,4,0,2,2
4.821932739746904,0.31055654011229156,5,0,1,1
0.8790532312602495,1.188803620367196,4,0,2,2
-0.6861467833872522,0.3797044604814851,3,0,0,0
4.426436285085822,0.12282059475048983,5,0,1,1
3.9747805255210236,0.10297075050512794,5,0,1,1
2.2774891648837765,1.3232661725115489,4,0,2,2
1.1794004259676338,-0.7511492746599839,3,0,0,0
1.275298566832292,-0.9676088343564374,3,0,0,0
2.3750443914547175,1.2674986986394121,4,0,2,2
0.9953076783969074,0.8154388065969623,4,0,2,2
3.8636562773887255,0.2558534188207961,5,0,1,1
3.7244598623479632,2.4838533763083013,4,2,2,2
2.4072282335591457,1.1044463670253961,4,0,2,2
4.035460442980482,0.16318462482810364,5,0,1,1
0.9554639316165734,-0.6551342175906804,3,0,0,0
5.082941281999109,0.21354542024986253,5,0,1,1
0.36589709782368585,-0.38812802313053535,3,0,0,0
1.1657107068868522,0.016678590500637247,4,0,0,2
0.40507810438908587,-0.36305836016372595,3,0,0,0
2.484999059272918,2.0807144312645205,4,1,2,2
1.1786131996920057,0.8632570451381428,4,0,2,2
2.685166614642369,1.9520046590860192,4,1,2,2
3.800322298695414,0.2881762531773083,5,0,1,1
4.847739674940441,0.33759388939091284,5,0,1,1
0.14902357017716447,0.356142186905778,3,0,0,2
2.3356796930050794,1.0971779811433022,4,0,2,2
4.065283787203693,-0.06151773743506308,5,0,1,1
3.2676858356581704,0.26886703591044786,5,0,1,1
3.5331016447739207,2.4418686480965035,4,2,2,2
2.4669107411658913,2.0253146431121314,4,1,2,2
2.5710207889119943,0.9625117634310796,4,0,2,2
2.3451775815490787,1.1478333189472176,4,0,2,2
1.873436617136168,-1.2407052289524128,3,0,0,0
3.8218776538089996,0.3003837691479208,5,0,1,1
2.3850208680526426,1.3071750438732253,4,0,2,2
2.677391675295632,2.3052559604578375,4,1,2,2
1.1914220211373583,-0.811140123894612,3,0,0,0
0.5411625115319405,-0.8393821443546975,3,0,0,0
3.9054569067376845,0.1686500312591981,5,0,1,1
1.8023995835149613,1.4725128313481435,4,0,2,2
3.490700247293475,0.23168421439771192,5,0,1,1
4.077130213541947,0.05107917033025891,5,0,1,1
0.12073175892831108,-0.28371412654306394,3,0,0,0
0.09282287154193683,-0.16714393339936423,3,0,0,0
4.604762136845824,0.28471080693654627,5,0,1,1
2.88884199196593,1.7907816025044403,4,1,2,2
4.938614154689219,0.21291696691943143,5,0,1,1
3.8988417415711565,0.15041679217355944,5,0,1,1
-0.19155949953227938,-0.47089931581239575,3,0,0,0
6.070487944598375,0.24281933514539322,5,1,1,1
4.5368333197072985,-0.016899259559027602,5,0,1,1
-0.6644525056314289,0.5812093036233822,3,0,0,0
2.0003600604736156,1.0254621596544027,4,0,2,2
0.6429457998745625,-0.5446599896004364,3,0,0,0
1.8849073683854227,1.1160255933693033,4,0,2,2
1.3593662616661486,0.1645498624191632,4,0,0,2
-0.0611079607271344,-0.297928186986462,3,0,0,0
4.380988285076176,0.16118826549052118,5,0,1,1
3.078497204100139,0.14809835537171645,5,0,1,1
0.9564279289497126,-0.7296518263026348,3,0,0,0
3.618549381421591,2.414015853935759,4,2,2,2
0.9630319322829435,-0.6962700186636679,3,0,0,0
0.14401390089355304,-0.4615693808514691,3,0,0,0
-0.1581132637497143,0.5807557951586617,3,0,0,2
4.318297961365587,0.12790901795685355,5,0,1,1
0.41793507092623233,-0.11497634782414697,3,0,0,0
2.3981680083251327,1.7686759762248372,4,0,2,2
4.369474198961915,0.24307488527410692,5,0,1,1
3.771014920495944,-0.006404064662993488,5,0,1,1
1.6635164005427856,0.38107962337209256,4,0,0,2
0.6885581312709619,0.29618187129588985,4,0,0,2
2.376365789366307,1.2633374822434187,4,0,2,2
6.246761768358812,0.20145753129085675,5,1,1,1
-0.0320839728011983,-0.3038962613826348,3,0,0,0
4.668433613321167,-0.008558417399967745,5,0,1,1
-0.23496483746342914,-0.207921331906072,3,0,0,0
1.9357390140224011,1.6526426408893427,4,0,2,2
0.9816406841181308,-0.5435067852132247,3,0,0,0
0.14883359392424006,-0.0674943531926892,3,0,0,0
0.2720454404370651,-0.4887488999817638,4,0,0,0
4.770028853588104,0.2744429028750993,5,0,1,1
3.8925368949246324,-0.07038548679863846,5,0,1,1
0.23768781915652024,0.03524822946917977,3,0,0,0
2.174508459202757,1.3223822710417081,4,0,2,2
3.687850709197405,0.250674042638576,5,0,1,1
4.604628122626904,0.10947965205531769,5,0,1,1
2.6449330428852744,1.6759900845352966,4,0,2,2
0.3897050924280739,-0.5610351816653635,3,0,0,0
1.7152336468608789,-1.03622163899837,3,0,0,0
3.965690596765638,2.083949154154171,4,2,2,2
5.125294235514601,-0.1413007435088675,5,0,1,1
0.9836341533731737,-0.8730490939613437,3,0,0,0
2.8032213734052567,1.648120277212111,4,0,2,2
3.0442367356743247,0.14544157822953271,5,0,1,1
0.35855464543175963,-0.31591742253218447,3,0,0,0
3.269946403012463,0.2867585080124901,5,0,1,1
0.3793600448925586,-0.6481288230289247,3,0,0,0
1.4551556516997681,-0.2554492985843415,4,0,0,0
3.182022767433666,2.384195465095835,4,2,2,2
4.387324746346115,0.13076878988635737,5,0,1,1
0.2603510444226839,-0.42299742299287013,3,0,0,0
0.9850959472626758,-0.5733106482373476,3,0,0,0
4.636013635188419,0.43565252381865716,5,0,1,1
-0.6764477189427228,0.3773169916054407,3,0,0,0
5.512585858193666,0.07979265672248537,5,0,1,1
1.2750001908751012,-0.7199180254999908,3,0,0,0
0.8981801210663802,-0.5214873410599736,3,0,0,0
1.4723151842636912,0.7380491652308363,4,0,0,2
0.49579701627424827,-0.3679965089227516,3,0,0,0
2.9214628976624732,1.9718969799707986,4,1,2,2
1.5214411103142043,-0.6489551717230917,3,0,0,0
1.0721898726154093,-0.9711538986546009,3,0,0,0
0.8548131538002802,0.7267157165950862,4,0,0,2
3.027625956409439,1.9111387438782705,4,1,2,2
3.4424050767393566,0.3611957957841386,5,0,1,1
4.201703355931179,0.2509922946822775,5,0,1,1
3.6370025052272017,0.1896230664460703,5,0,1,1
4.924324045730535,0.3785414017114449,5,0,1,1
0.18152616978225616,-0.32011639831114935,3,0,0,0
1.2855642123630338,-1.1210896653140223,3,0,0,0
1.5888357895700116,0.48137999685551436,4,0,0,2
0.9750739607938983,-0.5662303515300932,3,0,0,0
4.936499550519699,0.2091127227744648,5,0,1,1
1.7649044193668153,-1.0022660110360149,3,0,0,0
3.415815890406871,0.500382434215082,5,0,1,1
3.667541991028211,0.3135176466787662,5,0,1,1
3.2472514191269304,1.7999347045728118,4,1,2,2
4.019538780382892,0.12751374271995405,5,0,1,1
4.813124320407965,0.27788864580116157,5,0,1,1
1.9358332457140521,1.3393437786213034,4,0,2,2
1.7286388731163347,1.91354073974622,4,0,2,2
1.063719099274726,-0.38875202479224114,3,0,0,0
4.121491682679735,0.3682366808253269,5,0,1,1
0.5849527408378523,-0.20340741273049093,3,0,0,0
0.6530448339556015,0.37915505790191156,4,0,0,2
0.3619209664668387,0.19177536841217802,4,0,0,2
0.5171852986637198,0.4434750956081311,4,0,0,2
2.654900156323015,1.3163922594214617,4,0,2,2
3.2824240780988467,2.78058936107502,4,2,2,2
3.679255454381274,0.050868989853662824,5,0,1,1
4.616555601448232,0.11017299900367393,5,0,1,1
0.40094607905899715,-0.24573020864277037,4,0,0,0
4.356222333692355,0.13501842907425046,5,0,1,1
5.937360282233871,0.4381228850853096,5,0,1,1
0.9225781964502119,0.7676234590318088,4,0,0,2
-0.2561578407343959,-0.20126985360225438,3,0,0,0
0.5388071440017563,-0.14551999788514577,3,0,0,0
4.248171787625405,0.3182614028528065,5,0,1,1
4.06747955614305,0.3826815283034339,5,0,1,1
1.632709436943178,1.9342351679982954,4,0,2,2
1.0386086547416897,-0.7754064641955305,3,0,0,0
4.348526033243985,0.30906848134475,5,0,1,1
2.1725395165436314,1.6263610607389627,4,0,2,2
-0.3366527345446582,0.19964985408822133,3,0,0,0
4.103892726956733,2.195365702602455,4,2,2,2
1.022106644721519,0.648082595389991,4,0,0,2
1.0936939387801687,-0.766471275391273,3,0,0,0
3.0507586243292524,1.590955102579318,4,0,2,2
0.6720085760921534,-0.47043235060732375,3,0,0,0
1.6920000060233429,1.172322032769055,4,0,2,2
5.262245540956031,0.5357486455646081,5,0,1,1
3.4949634802117937,0.38986987920033356,5,0,1,1
0.025209041351086117,-0.27682872214934223,3,0,0,0
4.835637241051161,-0.18211313117436662,5,0,1,1
1.5906892703474549,1.2390448862153252,4,0,2,2
4.522410123710122,0.19319724474135322,5,0,1,1
5.921508218515013,0.07933497337742706,5,1,1,1
0.41705290470378215,-0.36060503607518424,3,0,0,0
4.530422241627414,0.41698251455030894,5,0,1,1
1.2484294163712981,-0.7988739370791768,3,0,0,0
0.8174610864778444,0.928987108679313,4,0,2,2
4.734840301752979,0.1810917860574581,5,0,1,1
2.684513597765369,0.4731893424559238,5,0,0,1
1.294423278008899,-0.8942267645353447,3,0,0,0
1.444160335996796,0.23916484244522498,4,0,0,2
-1.0533058197051999,0.7270445748330926,3,0,0,0
0.4340508280016521,-0.214136537731283,3,0,0,0
1.4857223333012366,1.325921210492608,4,0,2,2
4.231364445327064,0.017544226266534513,5,0,1,1
1.875462311129654,1.9492406527837143,4,0,2,2
1.0962331110092456,-0.5420910614960005,3,0,0,0
4.021772533095184,0.31935107226227405,5,0,1,1
5.280911606996661,0.09380889075768066,5,0,1,1
2.6702273620467705,1.664328635040199,4,0,2,2
4.989013084083354,0.3592055027830245,5,0,1,1
2.757946248072164,1.375647410570478,4,0,2,2
2.1015132852478375,1.3970221433383634,4,0,2,2
2.5748908090272,1.6026616326992509,4,0,2,2
4.9983517330065625,0.2666976524637939,5,0,1,1
4.8775406924407045,0.11441207548950172,5,0,1,1
0.8857022774681065,-1.0348885502583,3,0,0,0
1.81114070037179,1.514504520193311,4,0,2,2
3.830451919502133,1.9306479627862423,4,2,2,2
0.11570411554794036,0.15564211939691874,3,0,0,0
2.4621243423176886,1.1770207749235748,4,0,2,2
1.7654421296217733,1.7971055385411916,4,0,2,2
2.220432867299765,1.6502728489641245,4,0,2,2
0.5280472945537074,-0.12286063949578215,3,0,0,0
0.7675676976738719,-0.26254059726905177,3,0,0,0
1.5240322277268539,-0.7903852652493203,3,0,0,0
-0.6189747829180378,-0.03530167822119536,3,0,0,0
0.5186954890516083,0.5861362049340039,4,0,0,2
1.0968032782670607,0.8849430365902029,4,0,2,2
0.8802196202893441,0.2889736360274476,4,0,0,2
4.124268449459414,0.2027431874360545,5,0,1,1
0.9791841566593438,-0.8298440917957465,3,0,0,0
3.6691061154618296,0.30672355933915824,5,0,1,1
4.629319021628309,0.2267798883697608,5,0,1,1
1.1840561555643843,0.13170175136454682,4,0,0,2
-0.04796055685192162,-0.319081397653809,3,0,0,0
1.5109628103165624,0.8586474895200105,4,0,2,2
4.003849946413565,2.670254211799686,4,2,2,2
1.9473677602714303,0.12624801432554095,4,0,0,2
1.299970281352949,-0.38873341386245186,3,0,0,0
4.82003056116025,0.5262963009461166,5,0,1,1
2.0872999082916537,0.8493381424920087,4,0,2,2
4.645507429361443,0.20732322089922856,5,0,1,1
1.1704150685396284,0.8396469629630027,4,0,2,2
0.7115683248189594,-0.35678496174609886,3,0,0,0
-0.0964882691131644,0.10629295697467797,4,0,0,0
3.2366181174140953,-0.12494567171237705,5,0,0,1
0.4713102745100649,-0.5939543549837283,3,0,0,0
1.1141864967602138,1.0006662019430936,4,0,2,2
2.4597262346382793,1.6512529150000674,4,0,2,2
4.502324490245658,0.046107618730666974,5,0,1,1
3.3245881360448615,1.8856488737667287,4,1,2,2
0.36685058103402063,0.47952274706314857,4,0,0,2
2.7893963325089897,1.3772032783468793,4,0,2,2
5.028052299438232,0.10279319992100208,5,0,1,1
3.45753185531579,0.32706085482002,5,0,1,1
3.1632803496637787,1.7072901675852465,4,1,2,2
2.308341480164161,1.3625724509355515,4,0,2,2
3.8307482320119863,0.16306264234388906,5,0,1,1
0.08371879690391344,0.771000536565102,4,0,0,2
0.7145248138447287,-0.49052492158303734,3,0,0,0
4.673240835427948,0.3164019598935108,5,0,1,1
1.2343590974339333,-0.3360815996827662,3,0,0,0
0.7464504649587039,-0.45763069956104485,3,0,0,0
0.8576766185323187,-0.9039611125363095,3,0,0,0
1.0215387918757628,0.7976897664678924,4,0,0,2
2.171723412447903,1.0562074804439632,4,0,2,2
0.19281829665573844,-0.27762903896844765,3,0,0,0
1.023889475563697,-0.38615213588585273,3,0,0,0
1.1155004281348866,0.5107981958827441,4,0,0,2
3.7870759767110562,0.24770996493025832,5,0,1,1
1.4289297323746417,0.28731483307063876,4,0,0,2
5.263609732633464,0.010679489146547568,5,0,1,1
3.1660176486372014,2.1725028160203212,4,2,2,2
3.4770595788053944,0.17595841781904487,5,0,1,1
1.208947995816596,1.7490535843090882,4,0,2,2
4.415978855937057,0.2997900506251563,5,0,1,1
3.522144351042948,0.35843992671682356,5,0,1,1
0.46697073547514073,-0.09340040400391016,3,0,0,0
3.573228200943066,0.32785922674834467,5,0,1,1
0.4705831485097718,-0.3045805058909653,3,0,0,0
0.8769680172723144,0.036984040979622844,3,0,0,2
4.8842140857801235,0.5255676525980278,5,0,1,1
0.7153667522277352,-0.33300366897088457,3,0,0,0
-0.3549307620941493,-0.0689775365965196,3,0,0,0
0.7822412056264855,-0.26169237972395926,3,0,0,0
1.0777292608354039,-0.7619355701998435,3,0,0,0
3.8270366460924663,0.13310600042772444,5,0,1,1
0.5554909861693887,-0.25243960300976737,4,0,0,0
4.226791926180039,-0.00567649861923547,5,0,1,1
3.9357443501386533,2.71888599338363,4,2,2,2
0.7232424546320061,-0.40922093323282066,3,0,0,0
5.199494781427539,0.17441412893842448,5,0,1,1
0.353880509731285,-0.5996416326321573,3,0,0,0
5.5885271314588705,0.08837813840308713,5,1,1,1
0.10061786165601395,-0.14204062115023672,3,0,0,0
3.4914498378604732,2.598448122575967,4,2,2,2
3.067789776240569,0.3493024165392453,5,0,1,1
3.6623015768289493,2.3783458739919996,4,2,2,2
4.543322990971884,-0.02341701638663353,5,0,1,1
4.990446044944641,0.23908351999852998,5,0,1,1
3.464469893077769,0.08514406275891365,5,0,1,1
3.580705217681092,0.2367402252523105,5,0,1,1
2.0992819035171557,1.3491202449004618,4,0,2,2
1.8107589999121896,-1.2156187412522281,3,0,0,0
3.0755020654191263,1.1870362522124156,4,0,2,2
1.3303539687928987,-0.836972163497576,3,0,0,0
-0.3405745936531882,0.07586727289577791,3,0,0,0
1.9974704219341306,-1.070520021625484,3,0,0,0
1.8072768236382433,1.2976476830989558,4,0,2,2
4.958590399457721,-0.015286028518834652,5,0,1,1
1.3739828751879417,0.002018735352050238,4,0,0,2
2.291665798595042,0.9995076588867142,4,0,2,2
1.1675757539248046,0.9674905675526657,4,0,2,2
0.7177590873116407,-0.17185915061816867,3,0,0,0
2.330298181228695,1.1489752610744466,4,0,2,2
2.6282120605208656,1.3441751025542068,4,0,2,2
0.6338076511544688,-0.6577306122097809,3,0,0,0
0.45695334287986716,-0.4186231294453274,3,0,0,0
-0.1233297573372979,0.5012279041807473,4,0,0,0
0.6759221440238663,-0.23434464353389856,3,0,0,0
3.20947816210892,1.5900739876610992,4,0,2,2
4.4033850327302275,0.2521359776890717,5,0,1,1
0.871850264160916,-0.32072383860083703,3,0,0,0
4.644096749976619,0.17326827330548486,5,0,1,1
0.2511537446434008,-0.3270361396713896,3,0,0,0
0.5346772474760203,-0.5078016819385026,3,0,0,0
5.012116086362289,0.09924945453857341,5,0,1,1
4.216955998575122,0.09231856190726521,5,0,1,1
4.419369950564859,-0.12791717761763818,5,0,1,1
2.7017223311098544,0.44609459004021806,5,0,0,1
1.7905998772402014,1.6668667902046364,4,0,2,2
0.9801305113219805,-0.665160994315652,3,0,0,0
1.7678517921315842,1.7919524717707085,4,0,2,2
4.4371342057934235,0.09071121975549364,5,0,1,1
0.7781131352883635,-0.47428082073790356,3,0,0,0
2.3316741141800517,0.9454579067133249,4,0,2,2
1.9705044396057259,0.6584400781574868,4,0,0,2
0.6019028826329966,-0.28250839026333013,3,0,0,0
4.660055107466255,0.22640607607935967,5,0,1,1
1.0942665087697685,-0.6037367371751704,3,0,0,0
-0.1000265736701899,-0.06872597716062691,3,0,0,0
-0.16721022261488333,0.6963096340343365,3,0,0,2
4.8778919724758385,-0.032802009672952805,5,0,1,1
0.706095332345632,-0.8197700002701324,3,0,0,0
0.35804564286080925,0.26259736884194346,4,0,0,2
1.8029199593950407,1.035196413962694,4,0,2,2
3.904908783858179,0.3663441509347676,5,0,1,1
1.3755953172537088,0.4551940483012006,4,0,0,2
3.3742174273518475,0.47171556753735794,5,0,1,1
4.1078765493789025,0.39243651895320775,5,0,1,1
5.383026432056342,0.11105993641605776,5,0,1,1
1.0088711571068647,-1.0401899500714653,3,0,0,0
1.821969984953812,-1.2591936030582835,3,0,0,0
-0.9759564995286022,0.13947439625946365,3,0,0,0
0.6991924694129957,-0.27289387546473326,3,0,0,0
3.9054358609966595,0.14833523952173253,5,0,1,1
0.6776352239735673,-0.588174358427111,3,0,0,0
2.918980957188283,1.3757673299745596,4,0,2,2
-0.08274195642979038,0.2794561440603126,3,0,0,0
3.061101542444506,0.39150432705087146,5,0,1,1
0.2834133798974311,0.16898406502802762,4,0,0,0
2.808768963618212,1.860283287513276,4,1,2,2
0.39059188417791507,-0.3223778167052766,3,0,0,0
3.3361149678835864,1.8992811968158199,4,1,2,2
4.229992143934062,0.4641248430645367,5,0,1,1
4.0378372054217175,0.3841686007224076,5,0,1,1
-0.02415009133356183,0.10819431978800469,3,0,0,0
0.4083455903297573,-0.05909359796705781,3,0,0,0
1.4584513590822863,0.5838313542372563,4,0,0,2
4.282876882408598,0.3265173598107907,5,0,1,1
0.913729874641616,-0.643398477884685,3,0,0,0
1.4664714648331145,0.865464559270936,4,0,2,2
0.736429269670101,-0.013614189543127807,4,0,0,0
0.6951262103273703,-0.5378442328863543,3,0,0,0
3.3293901431584128,1.4944406006369415,4,0,2,2
4.080898993487113,0.12334977464871516,5,0,1,1
0.5558564361143207,-0.3387338505004727,3,0,0,0
1.9219506916640052,1.481388496973275,4,0,2,2
0.5515786650642008,0.6411261179387437,4,0,0,2
0.0064863577341837285,-0.16610969114354554,3,0,0,0
3.612330214614787,2.806063140986776,4,2,2,2
4.6377824534550705,0.15870879600033297,5,0,1,1
1.2464096223349215,0.6209382065059874,4,0,0,2
0.7132660609244272,-0.8627978819419213,3,0,0,0
4.164464623715676,1.3167582440585481,4,0,2,2
-0.8288578752348494,0.5883270212355545,3,0,0,0
0.9193784408670279,-0.6477719508048257,3,0,0,0
3.3134788404103013,0.1883566865464654,5,0,1,1
2.533526810651018,1.0803835991126998,4,0,2,2
4.451757811033956,0.2884454574876956,5,0,1,1
3.720676227924057,0.2093514478488304,5,0,1,1
1.8374423736252947,2.1028892683811664,4,1,2,2
1.2702754726402081,-0.6959030878339937,3,0,0,0
3.9830202147078215,0.12729435150853444,5,0,1,1
1.4241303358404989,-0.8450902254435998,3,0,0,0
5.431530233914618,0.19187611025937837,5,0,1,1
-0.9285060131075872,0.2778454900945642,3,0,0,0
4.243757495686158,0.48691122128271136,5,0,1,1
4.471785884720467,0.6256700170569591,5,0,1,1
0.6725642191080434,-0.504999015657781,3,0,0,0
0.27788895742110803,0.5093675228652481,4,0,0,2
0.8481173372934385,-0.6004153565654465,3,0,0,0
0.00959209464251775,-0.21659445125670795,3,0,0,0
3.951740346073896,0.42848996318022503,5,0,1,1
1.049456482307016,-0.8445569517337794,3,0,0,0
2.8627658115613874,0.368579742501209,5,0,1,1
5.075187531346883,0.1784816365017139,5,0,1,1
4.298526694823951,0.21119461635932565,5,0,1,1
0.6857237803968306,0.649248291728333,4,0,0,2
5.094079190525385,0.3573233608594233,5,0,1,1
-0.5259412288371614,-0.5179687823139718,4,0,0,2
3.047402698366564,0.09403887889289994,5,0,1,1
3.59024564808295,0.0952078209158776,5,0,1,1
3.0105310422410305,0.10600323845405497,5,0,1,1
5.616994001397917,0.0861746797594517,5,1,1,1
3.3612027089618812,0.18927285351423032,5,0,1,1
0.12131936444072625,-0.12949525796647623,3,0,0,0
3.078499674899839,2.170841324250374,4,2,2,2
1.2760636976260928,0.18372561114916502,4,0,0,2
0.4146995807238606,0.5870453382069821,4,0,0,2
4.91379102265006,0.20197320882845107,5,0,1,1
0.8423059389968244,-0.7869888272661627,3,0,0,0
3.247873373665266,0.21797214285238067,5,0,1,1
0.711116167442739,-0.3626419122085912,3,0,0,0
0.42155927791299763,-0.35389521271169844,3,0,0,0
4.129056834613592,0.1721350701732938,5,0,1,1
2.354313823808071,2.204459374783897,4,1,2,2
3.698370200329409,0.24733320489387864,5,0,1,1
4.621208948160507,0.11767533779724947,5,0,1,1
0.11575658049637705,-0.2222585380022183,3,0,0,0
1.232938033333838,0.9428265340354465,4,0,2,2
0.568804280498246,-0.13913476092133426,4,0,0,0
2.2519500666040355,1.0731487930451789,4,0,2,2
3.366862973005103,1.3614911289007745,4,0,2,2
4.4340306152390765,0.06624712851398765,5,0,1,1
3.241654717519813,0.21680846351096786,5,0,1,1
3.0804434399282306,1.5244808539085724,4,0,2,2
1.6275270473554295,-0.7488136259021905,3,0,0,0
3.257564812998524,1.9971296632158715,4,2,2,2
1.0101817151953225,-0.6940108265452828,4,0,0,0
3.1132994227764654,2.0106533093954306,4,2,2,2
-0.42435094946046187,-0.49201774346611055,3,0,0,2
4.330265445423094,0.3991804284409657,5,0,1,1
0.8796530134878648,-0.6196273292480508,3,0,0,0
2.133877052223507,0.6945943433134554,4,0,0,2
1.9908367540713148,0.6210329322744675,4,0,0,2
2.1570115349217462,1.4516789634665983,4,0,2,2
0.5002800342314754,-0.17213251408507813,3,0,0,0
1.0084174024884147,0.6968208902525903,4,0,0,2
1.059475092834042,-0.860708979731424,3,0,0,0
3.1792477797988283,2.528523964116512,4,2,2,2
1.3665232689782099,1.3380709149778693,4,0,2,2
3.0972750826246376,0.24673826627993486,5,0,1,1
1.2291593887487697,0.8237040044019383,4,0,2,2
1.2533260905488641,-0.8639756902639115,3,0,0,0
0.5248301796056798,-0.424122766328814,3,0,0,0
1.6653727379983803,1.3216252672874158,4,0,2,2
2.572560835127425,1.1501454531120228,4,0,2,2
0.654033344535678,0.6078229064882544,4,0,0,2
0.8410973105008487,0.1581486024063865,4,0,0,2
6.184234017946349,0.133020919940912,5,1,1,1
3.8062840265735733,0.2714963256723242,5,0,1,1
6.291382555111912,0.10091202759163596,5,1,1,1
1.44124927674519,-1.0280510901313287,3,0,0,0
4.41488519508163,0.08373519259401895,5,0,1,1
4.230943205895324,0.2716024446941987,5,0,1,1
0.33884182086042947,0.18870548542630208,4,0,0,0
1.5004871331523095,-1.2185259040061238,3,0,0,0
5.333466439954516,0.22845641538336647,5,0,1,1
0.2089648360401883,-0.08628430517604511,3,0,0,0
3.3899954490457516,1.7131625810959843,4,1,2,2
1.492393317931099,-0.810408889406527,3,0,0,0
0.3455165245706099,-0.42944352640594435,3,0,0,0
4.9368568514423945,0.2805314371949999,5,0,1,1
-0.14009672375642823,0.24424572208721743,3,0,0,0
2.8326654742815998,1.909803150447547,4,1,2,2
4.43532173301734,0.37425523179301634,5,0,1,1
1.0277396360430646,1.3124132685220669,4,0,2,2
1.9630597526491096,1.2494994872515293,4,0,2,2
2.9996931454192275,0.11520436067730482,5,0,1,1
3.946714100060961,0.12196448920291639,5,0,1,1
1.158025588090022,-0.7005694557800614,3,0,0,0
4.0719728644454705,0.3443704241230644,5,0,1,1
3.5240397385060316,0.23382323529817622,5,0,1,1
4.7520095520541155,0.22309493789432763,5,0,1,1
3.392384674861534,0.06421049928887314,5,0,1,1
-0.19782242286019266,0.02427665857882437,3,0,0,0
2.812355377575471,1.5528533416435188,4,0,2,2
4.250507736598504,0.024041865777859918,5,0,1,1
1.0899707213178462,0.7367316119942796,4,0,0,2
0.3286160281127233,-0.2891170933981753,3,0,0,0
0.6294513711599797,-0.44180000645612416,3,0,0,0
4.722180404604516,0.09486859509687073,5,0,1,1
0.1805133075582289,-0.12345782951982714,3,0,0,0
1.119179480191031,-1.1327820690040369,3,0,0,0
2.175564648139029,1.9853699430324898,4,1,2,2
0.2547839700598823,0.034843041040989085,3,0,0,0
0.18116337538980365,-0.6422106557059092,3,0,0,0
1.3020987531424537,0.975750369163158,4,0,2,2
4.325402751219591,2.765247665315026,4,2,2,2
4.026942008659259,0.2912826846169371,5,0,1,1
2.8757431832151,1.7607334143733413,4,1,2,2
4.458930492378511,0.05088074300554495,5,0,1,1
4.0323026995783104,-0.029802019734638585,5,0,1,1
-0.3953845893612864,0.1482433410116359,3,0,0,0
3.7314626135603137,2.754186091238865,4,2,2,2
4.692658459867209,0.46711893238694163,5,0,1,1
2.805556803971456,0.4407537306104095,5,0,0,1
3.7812675113024556,0.219183504673946,5,0,1,1
1.6204927168711705,0.8297513525581632,4,0,2,2
0.025822363536625453,0.5024447050739198,3,0,0,2
4.46115148495399,0.2478526870526277,5,0,1,1
1.8936005712243946,-1.081457279385348,3,0,0,0
4.855355724728751,0.37759593344408404,5,0,1,1
0.8754487855840801,-0.6777805734739069,3,0,0,0
2.1308734732186307,1.4830372867240016,4,0,2,2
5.139195155742336,0.14153216662097118,5,0,1,1
-0.19950535465909344,-0.02515153015522707,3,0,0,0
3.9268685882473866,0.23239741510448528,5,0,1,1
3.7016601768647774,2.387142816093043,4,2,2,2
1.011187761114338,-0.7278139456612482,3,0,0,0
5.061613437112855,0.09177586978104424,5,0,1,1
1.710100462534466,-1.5037609010781998,3,0,0,0
1.5379818930253442,0.4332559715835419,4,0,0,2
0.8119662776481217,-0.4370810376207532,3,0,0,0
0.2103890154223587,-0.2845851407983742,3,0,0,0
2.4092905417243697,1.8026442830151421,4,0,2,2
-0.48817900906708983,0.08950435783058126,3,0,0,0
4.685968463234598,0.22752490795922492,5,0,1,1
3.896727325764412,0.9210057355989512,4,0,0,2
2.552999345614373,1.824139315137013,4,1,2,2
0.5367518298366759,-0.564527239649829,3,0,0,0
1.297280161065094,-0.8220600613353904,3,0,0,0
-0.019057467703854625,0.37306399412613267,3,0,0,0
0.5602625718936158,-0.0979176409489852,3,0,0,0
2.075989513632103,1.3902521619793475,4,0,2,2
0.4795250887019989,-0.09753556896987217,3,0,0,0
0.29246772914076663,-0.5535036292987675,3,0,0,0
2.951833033740033,1.7383493782054884,4,1,2,2
3.9285054013797245,0.005861397574167651,5,0,1,1
1.370819985514346,-0.7152070038190379,3,0,0,0
5.901245568702938,0.08998332206532839,5,1,1,1
4.419545568036357,0.23105703294182664,5,0,1,1
0.002234209451216865,-0.07569280879861731,3,0,0,0
4.455349437333898,2.7042298071490385,4,2,2,2
1.0479717591357731,-0.6247042269005679,3,0,0,0
0.2790097062136848,-0.2538569916518212,3,0,0,0
-0.03484693561225671,0.44172705864053685,4,0,0,2
0.6271276652943363,-0.39242042915804926,3,0,0,0
4.426255810191457,0.3133946808799876,5,0,1,1
1.4450701454061239,0.8771196608727582,4,0,2,2
-0.07718261842941002,-0.041383686852825265,3,0,0,0
0.6762968705941336,-0.16880792553604299,4,0,0,0
4.461736322103483,0.29561390225164624,5,0,1,1
2.9355046878294213,0.0969168427839324,5,0,1,1
1.9419572608153783,1.4700358812645367,4,0,2,2
3.5909978571066277,0.19653544524473912,5,0,1,1
4.9846321716947175,-0.12253956266185584,5,0,1,1
0.7989614260476668,-0.43039422165275526,3,0,0,0
3.6666386647751548,0.16106634576470027,5,0,1,1
1.5242095483042633,-1.135358512917663,3,0,0,0
0.5348379193809295,-0.177404405514889,3,0,0,0
1.619203874380601,1.2107220435977257,4,0,2,2
0.8764697525178313,-0.7870532716465901,3,0,0,0
0.7172863261808087,-0.020453743624927665,4,0,0,0
2.273728348197844,2.0713074472040693,4,1,2,2
4.354695954079301,0.06122741874802922,5,0,1,1
1.4758151528867398,0.927321308644764,4,0,2,2
2.8189602336248742,-0.0439142912678523,5,0,0,1
4.994440078277858,0.30874113765643607,5,0,1,1
1.5086192121174014,0.7924489534003644,4,0,2,2
0.4519662127545382,-0.6099394050283748,3,0,0,0
1.0379152640881315,1.0618629924549812,4,0,2,2
2.548789816335211,0.3451056598921929,5,0,0,1
1.0426403833272582,-0.3981632126607735,3,0,0,0
3.1552010209278207,0.23704230508669838,5,0,1,1
-0.5252699404958202,0.6709014634164576,4,0,0,0
2.9615425392157158,1.9291136531551358,4,1,2,2
-0.21432919008965542,-0.26461539409342333,3,0,0,0
1.2476504034384275,-0.589291060484141,3,0,0,0
0.9229848814690205,-0.8496116453863616,3,0,0,0
4.128141077813933,0.045288605040785815,5,0,1,1
4.6676653193923165,0.11928381989940336,5,0,1,1
4.115916896440712,0.2667689074611534,5,0,1,1
3.0809981089099927,2.180458551262618,4,2,2,2
1.1582043894399492,-0.593097300149228,3,0,0,0
2.1699630582506266,1.7921762229163825,4,0,2,2
0.3675716512960786,-0.023168942285539507,3,0,0,0
0.9606707290503577,-0.48395928589946474,3,0,0,0
1.492138395527752,0.336772220796746,4,0,0,2
5.123958886081996,0.21924950642866964,5,0,1,1
1.6001515190342686,2.092307529940873,4,0,2,2
1.3869324256547924,1.3150844348884803,4,0,2,2
5.712477401538585,0.30980918140276037,5,1,1,1
-0.07669311890813393,0.04706655066875488,3,0,0,0
5.690591641638544,0.11120711714275242,5,1,1,1
1.7280781958544533,1.018997595503791,4,0,2,2
4.995139659089954,0.005987002260891191,5,0,1,1
3.4525621083272635,2.0442532597025935,4,2,2,2
0.503696263903706,0.4877485576088397,4,0,0,2
1.849289754591837,0.2795838873319444,4,0,0,2
4.565943603571791,0.07795194501067834,5,0,1,1
0.8388478056599803,-0.27934059367815944,4,0,0,0
1.6892801653578595,1.7644801543335185,4,0,2,2
3.672228685181684,0.42583287077304327,5,0,1,1
3.9794742881684084,2.7637247704046755,4,2,2,2
2.1208067495265497,1.439255606216375,4,0,2,2
1.7703338369703667,0.8524652933115671,4,0,2,2
0.4186544697650496,0.08936682008200887,3,0,0,0
3.359766820159865,0.36255841474483264,5,0,1,1
-0.012384323020757293,-0.32841506796863396,3,0,0,0
2.5415539010616124,1.4176326040097555,4,0,2,2
3.0995755992456346,0.14949262157156964,5,0,1,1
5.010174008742175,0.2339867985228634,5,0,1,1
0.6855189024225224,-0.7789561796564657,3,0,0,0
1.4250764300799839,-0.7685505605069263,3,0,0,0
1.5322997533695897,0.6473324289985586,4,0,0,2
1.0277298159602992,-0.9671263539689909,3,0,0,0
1.6801592151877933,1.4920687113504956,4,0,2,2
4.583201160764452,0.03791672843507413,5,0,1,1
0.5488304990339727,-0.3497103034615358,3,0,0,0
0.7586644078331405,-0.0027605377211315394,4,0,0,2
0.1613238593968703,-0.41822256586835166,3,0,0,0
0.46143371153378027,-0.40552802978408414,3,0,0,0
2.1986030900281697,0.9209885183334403,4,0,2,2
4.495938811166153,0.16595256593619634,5,0,1,1
-0.6834305102726697,0.32900310478297273,3,0,0,0
3.9944270724454385,0.3429656329359241,5,0,1,1
4.839001855533769,0.17761885033029814,5,0,1,1
2.9984562841657905,1.453997182103043,4,0,2,2
2.455586771832024,1.257006621730465,4,0,2,2
4.131741233153418,0.03138785857240161,5,0,1,1
1.1818305161070812,1.2443484395840059,4,0,2,2
0.831766858911586,-0.3594330272621676,3,0,0,0
1.8325969656272487,0.8473992301242248,4,0,2,2
1.666640175941848,0.6280177802473527,4,0,0,2
5.576559452640686,0.18434463473005383,5,1,1,1
-0.9540047439931053,0.43407471581964524,3,0,0,0
1.9719722450084143,1.0505927103974053,4,0,2,2
4.546989972927971,0.29684127315159387,5,0,1,1
0.651614897963652,-0.7578832602999092,3,0,0,0
1.401288241042535,0.6374683602178394,4,0,0,2
1.4184164333669138,-1.197865987282864,3,0,0,0
3.0006194008179055,0.15734107382290308,5,0,1,1
5.677955947190109,-0.04762152713105919,5,1,1,1
0.8209635173004661,-0.5008902731340684,3,0,0,0
0.1003103249046134,-0.16860366240557123,3,0,0,0
3.60512722003247,2.4052805855119663,4,2,2,2
0.4118189056968057,-0.1265181713943397,3,0,0,0
3.1278020142200456,2.0567209384967544,4,2,2,2
1.2183121618038033,1.1034975787813457,4,0,2,2
2.3427604732561,-1.282805963095021,3,0,0,0
3.5082515358438435,0.2837265143208212,5,0,1,1
0.5356009529554377,-0.13576471546440594,3,0,0,0
3.902571704410975,0.3085221414196779,5,0,1,1
0.4986768641278191,-0.6723076329288608,3,0,0,0
4.669639524340044,-0.2425475957624713,5,0,1,1
4.0186149606053005,0.03709895423277807,5,0,1,1
4.153014015272465,0.06651295587263675,5,0,1,1
5.076784095595301,0.15984498836631694,5,0,1,1
3.8591446893215307,0.28508917774140236,5,0,1,1
4.39976954181237,0.23974476351715165,5,0,1,1
0.727929871913385,-0.43799133614384883,3,0,0,0
2.313570068832645,-1.2577730199266557,3,0,0,0
0.4516339713161837,-0.40407435104345835,3,0,0,0
3.7718463270966347,2.2482674244651513,4,2,2,2
4.439096231070242,0.1640128093876584,5,0,1,1
1.17457900942803,-0.6895144282012704,3,0,0,0
2.3518693846929994,1.453988550392807,4,0,2,2
0.35119437190433445,-0.5051322436602482,3,0,0,0
2.213230739852434,1.4774366741508294,4,0,2,2
1.8683214622048052,0.5606233409831161,4,0,0,2
4.6079765877292855,0.0011906051898060922,5,0,1,1
3.590973180493599,1.7608757495397027,4,1,2,2
0.6318900360188341,-0.5525709465569956,3,0,0,0
0.5291315613641487,-0.3135079783023321,3,0,0,0
0.0670212885915733,0.04387322789685639,3,0,0,0
0.8467520316382022,1.2418587309392881,4,0,2,2
5.348882364755163,0.15073650629516522,5,0,1,1
0.8987288796071479,-0.37100555271373964,3,0,0,0
0.8799639457609032,-0.5279186487266032,3,0,0,0
1.645554713878159,0.5686655011071565,4,0,0,2
1.7527965606502232,0.8976936318483454,4,0,2,2
2.7742640824389033,1.268228855035252,4,0,2,2
4.64835600888071,-0.01189724949418618,5,0,1,1
0.10781904909752694,-0.06341373206915411,3,0,0,0
0.6949288492147632,-0.3830533751765912,3,0,0,0
4.038908671346248,-0.058367821847119396,5,0,1,1
4.076457624516451,0.25875164596779116,5,0,1,1
1.491854929161155,0.4973254964289663,4,0,0,2
0.2676642302851788,-0.3218789512165238,3,0,0,0
2.75320965592355,1.6137544090587879,4,0,2,2
3.2910805538937438,0.19248089145945774,5,0,1,1
4.508073340440928,0.022838967569886147,5,0,1,1
-1.1426683280507057,-0.5721030660715544,4,0,0,2
1.5285010984062284,-1.0841370047855738,3,0,0,0
2.149939195583483,0.6683631996550307,4,0,0,2
3.6713983076383268,0.28930781773268094,5,0,1,1
2.6828562492218455,1.0861859167691534,4,0,2,2
1.4930313162694369,0.5854403905692735,4,0,0,2
1.1346244250192583,-0.9940785274586781,3,0,0,0
4.454506521281002,0.3884350625062512,5,0,1,1
0.068678627918569,0.03445774687004556,3,0,0,0
1.0018067200923462,-0.6657241197381043,3,0,0,0
3.2394254496647052,1.7014491707678452,4,1,2,2
3.760481512824642,2.4784725448248626,4,2,2,2
2.220939354090311,1.1298754756644283,4,0,2,2
2.3672831681978903,1.1086913954203281,4,0,2,2
1.0339714942898985,-0.7277361782247472,3,0,0,0
3.8440281275110064,0.452673773171152,5,0,1,1
-0.5082729635897965,0.18507035663648194,3,0,0,0
2.5030471109284695,1.0671632419246921,4,0,2,2
3.539590398840952,0.4989165900397346,5,0,1,1
5.699839617489816,0.03924813685374537,5,1,1,1
0.9412463788863747,-0.6373474601578882,3,0,0,0
1.40052951689235,0.5705500460837791,4,0,0,2
3.644983974898512,1.8943829893930226,4,2,2,2
2.9077089356299153,1.2680055998087914,4,0,2,2
1.1777536462891542,0.850772413902996,4,0,2,2
0.14469224502518874,-0.16302541639985893,4,0,0,0
0.5762664308639825,-0.34064467379760704,3,0,0,0
0.2603673646931267,-0.34287336401378893,3,0,0,0
4.60550234370217,0.2618028343227657,5,0,1,1
0.6633052047617963,-0.7830783586159158,3,0,0,0
2.913993541012624,0.14834146383062474,5,0,1,1
2.8388868800488,1.2580768229904187,4,0,2,2
1.9451765988740426,1.1755026732567908,4,0,2,2
2.3208568354591828,0.6161582206328676,4,0,0,2
3.2654366258763377,0.03377618535893479,5,0,1,1
1.4599590406540552,1.280451053886555,4,0,2,2
1.6374716327992542,-1.1783708231489383,3,0,0,0
1.7190810689633982,1.4115039850444866,4,0,2,2
1.3230153105528173,0.3250131838109743,4,0,0,2
1.5378118605414648,0.5343408927067381,4,0,0,2
4.387697321462006,-0.14109400541774306,5,0,1,1
2.518559213140716,0.11636841074028667,5,0,0,1
0.917926123402581,0.8326757295903077,4,0,0,2
0.544264202984415,-0.4622241765069338,3,0,0,0
2.3102833625555346,0.005076893688078637,5,0,0,1
4.1609586730277215,0.1418520429932566,5,0,1,1
4.043252997083912,0.18467240083094758,5,0,1,1
3.4888609435961757,0.051793020756428124,5,0,1,1
3.797116941102815,0.05315925790149385,5,0,1,1
2.1846060000161356,2.0547374596833246,4,1,2,2
1.0338694339987784,-0.7849749632584494,3,0,0,0
0.992317280488392,-0.5802349209644252,3,0,0,0
3.7182961704086703,2.6545433149742212,4,2,2,2
0.4675681726802184,-0.4988130225567928,3,0,0,0
0.016160774751165147,0.5523768504397738,3,0,0,2
0.37325345568837387,-0.43023345168365057,3,0,0,0
1.094779409450165,1.147695354346781,4,0,2,2
1.0222775536791167,-0.4375603780648024,3,0,0,0
0.743010211409404,0.30731415826681086,4,0,0,2
2.873867355802824,2.0006901140214843,4,1,2,2
0.06934707925789356,-0.2366415791808766,3,0,0,0
0.2918187455454894,-0.10697934200929964,3,0,0,0
0.9036439092657964,-0.300202432944944,3,0,0,0
0.9937527613842742,-0.6137598531354013,3,0,0,0
2.3977119484009797,1.518065985097119,4,0,2,2
3.9257911168529986,2.7396766313836105,4,2,2,2
1.1701984232537512,-0.7191851676293147,3,0,0,0
3.938201633902041,0.1303480199023463,5,0,1,1
5.32329030450629,0.2596928255427249,5,0,1,1
2.6503882399054337,0.7522738042525657,4,0,0,2
5.858715563091749,-0.12502184953956996,5,1,1,1
0.30949599640039144,0.2367254829075745,3,0,0,2
1.1347566496867447,0.7715330699112887,4,0,0,2
0.9685837273258994,0.9661974910610129,4,0,2,2
2.85489746682566,0.13767760913897295,5,0,1,1
4.523491284706522,-0.036914524289344976,5,0,1,1
0.39627663045918105,-0.16643224418122535,3,0,0,0
1.2164516220170183,0.7297842766177889,4,0,0,2
0.26767638661124804,-0.3687576750067036,3,0,0,0
4.1213405095176245,0.33320809713075517,5,0,1,1
4.6712853941425205,0.21682798481360943,5,0,1,1
0.5782546094284826,-0.7627913126856918,3,0,0,0
1.3150335534161401,0.9463217357345391,4,0,2,2
3.4481934841734247,2.4014408544973254,4,2,2,2
0.6032211101707848,-0.35861230829451446,3,0,0,0
0.6680519782261427,-0.5860763645136582,3,0,0,0
0.7364500361927275,-0.3923000664706375,3,0,0,0
2.861866374509301,2.0698737479407616,4,1,2,2
0.6444212688679661,-0.3829616541603456,3,0,0,0
4.082455697716026,0.08232160621985711,5,0,1,1
3.8771652457907613,0.23824552807917773,5,0,1,1
1.5026004813393032,-0.8257074679936499,3,0,0,0
3.4477813003651425,1.484533386458918,4,0,2,2
0.8460610276153712,-0.14690188644608432,3,0,0,0
4.049387549366227,0.24866063148705292,5,0,1,1
-0.6958508195433418,-0.018115561688833465,3,0,0,0
4.160219424306165,-0.04589499170758045,5,0,1,1
4.40602715985181,0.022189136753590934,5,0,1,1
5.212013341811376,0.2974001888098293,5,0,1,1
3.338958798842782,2.307896673362891,4,2,2,2
2.819348909297124,0.19010431918607149,5,0,1,1
1.1668770707027307,0.8052845162886297,4,0,2,2
0.33878674193643166,-0.3437037034924439,3,0,0,0
4.3861416819540935,0.17150677758195998,5,0,1,1
1.3226117203880987,-0.6257384628658147,3,0,0,0
1.4086768193999148,0.8738238293322921,4,0,2,2
0.5898521158631755,-0.26588743804618453,3,0,0,0
1.4812672230046413,-0.9736589714084445,3,0,0,0
2.058015353477522,1.4655004610737798,4,0,2,2
0.9059317150541832,-0.49215115365270357,3,0,0,0
5.2625513605143155,0.3480290945422331,5,0,1,1
3.183533414542471,1.1514651250888355,4,0,2,2
1.4396262697488675,0.9728482265098338,4,0,2,2
0.39595294777818957,-0.5923946319084131,3,0,0,0
1.8381805544782783,-0.9710414254127289,3,0,0,0
-0.13237863376623563,0.04861626292972369,3,0,0,0
1.4443431238693147,0.23871262870911547,4,0,0,2
1.6525802004420058,0.17383965256572742,4,0,0,2
1.0012208302580161,0.7674695169004564,4,0,0,2
0.5179216558974277,-0.3182178939880594,3,0,0,0
5.1643530495176,0.1118631021210553,5,0,1,1
1.1855179690422146,-0.8949674645438703,3,0,0,0
4.115948891989251,0.23699550656873974,5,0,1,1
0.23031115512468814,0.006799526611447769,3,0,0,0
2.1861856663328525,1.2464787953186938,4,0,2,2
0.6785948032854058,0.7082064772143948,4,0,0,2
2.7241122311341646,2.407222251503206,4,2,2,2
0.412883987686377,0.29142497890245717,4,0,0,2
1.0893934542967028,0.6581210832927461,4,0,0,2
1.7326170207401612,0.8023228336807152,4,0,2,2
1.5583028051086045,0.7088805206221814,4,0,0,2
1.1446687809942298,-0.6928847514065742,3,0,0,0
4.113995007623284,0.22472885204580748,5,0,1,1
2.6894806942558978,1.944829279821978,4,1,2,2
4.260291095903813,0.2665338787119111,5,0,1,1
3.3286400594282113,2.6981323333897156,4,2,2,2
4.914762085118096,0.3275952572908438,5,0,1,1
3.526989403750669,2.1762526339970507,4,2,2,2
0.2718957304668264,-0.482541230976422,3,0,0,0
4.0102534196785395,0.14037264532887828,5,0,1,1
3.158821033536073,1.6733457063402137,4,1,2,2
4.391305426886409,0.23496789884626582,5,0,1,1
4.708630451706584,0.21638023852402277,5,0,1,1
0.5698480056642803,-0.4837545695232537,3,0,0,0
1.5069580613463527,-0.7478275662145536,3,0,0,0
1.7519969022655542,-0.8535194485511812,3,0,0,0
1.0676336150840093,-0.865414346753292,3,0,0,0
1.5242257775543688,-0.9073810517768628,3,0,0,0
-0.38688039507937394,0.05771759123166373,3,0,0,0
4.631420746131558,0.1535412285735096,5,0,1,1
2.3722170013499984,0.9373123388472829,4,0,2,2
4.055756624049536,2.2581594192482854,4,2,2,2
4.147376415474798,0.2542419242987947,5,0,1,1
3.675287874800135,2.330473504381004,4,2,2,2
1.0369372976026308,1.9657369276371834,4,0,2,2
4.266494481054409,1.935421695808738,4,0,2,2
-0.19002280293582038,0.4374705908112382,3,0,0,0
3.4888462784506395,2.1397162296169325,4,2,2,2
2.6281562402679914,0.6441891388714426,4,0,0,2
3.3360561067100787,0.09278540933288672,5,0,1,1
5.631272454338869,0.3612404257359283,5,0,1,1
1.0644749222636443,-0.8988720051632593,3,0,0,0
0.3792280173820513,-0.4390335638244543,3,0,0,0
0.2211209015753855,-0.6268262249711507,3,0,0,0
3.0268445741738503,0.29942313573332724,5,0,1,1
3.2988913560852025,1.8715719558669033,4,1,2,2
0.7788488971820162,-0.40463673263681993,3,0,0,0
2.3148515859012484,1.8848118770813154,4,0,2,2
4.5985864478107095,0.36369217733754916,5,0,1,1
3.005184746471447,0.23357267008590718,5,0,1,1
5.531247819997656,-0.018948532050297947,5,0,1,1
0.6738560799882758,-0.44181337969579926,3,0,0,0
5.27244715196567,0.1421866699642468,5,0,1,1
5.055955215527949,0.27988616938285565,5,0,1,1
2.2885216972829325,-1.5978552853697094,3,0,0,0
2.238523333756496,2.1014415457046116,4,1,2,2
1.3578607969934502,-0.62541132378409,3,0,0,0
4.443997773227498,-0.19865030193735897,5,0,1,1
3.63973025548243,0.30947804712737637,5,0,1,1
-0.09192292092269361,-0.317731970906294,3,0,0,0
2.8106805810562867,0.3912832322356715,5,0,1,1
4.842887925817406,0.2381553249283399,5,0,1,1
3.2380352276938225,1.167806106197996,4,0,2,2
4.069757789113568,0.1312553339659744,5,0,1,1
2.1866810305746847,1.3903566218627497,4,0,2,2
0.4616799456328518,-0.18409201037522252,3,0,0,0
1.7612760006634443,1.6024534356295448,4,0,2,2
5.086477709909241,0.22160381799410658,5,0,1,1
2.8170636753890914,1.9881069174784374,4,1,2,2
3.088732125028752,1.9473955604034114,4,1,2,2
1.2578487472672801,-0.30002351166491703,3,0,0,0
4.213684279621677,0.1172081117628643,5,0,1,1
4.283421238955742,0.4463970521495382,5,0,1,1
1.7628189492826891,1.5978185660669102,4,0,2,2
2.2095426105889153,1.228355471202777,4,0,2,2
4.363703233115582,0.047625701312655366,5,0,1,1
2.4326344439024123,1.181390641628862,4,0,2,2
3.5008534368437325,0.37430529174246435,5,0,1,1
1.112720637962172,0.18407979314230663,4,0,0,2
3.5606096540426906,0.3082143750196899,5,0,1,1
2.9802875679775527,0.2861251176821064,5,0,1,1
3.765695403022267,0.1280146027997568,5,0,1,1
5.185879900556025,0.22326642323747609,5,0,1,1
4.5904156434941275,0.27839732878086115,5,0,1,1
1.6295289958810584,-1.0212298622272713,3,0,0,0
1.1337850237574554,-0.7781225361829304,3,0,0,0
-0.0745624251658649,-0.2743402423758194,3,0,0,0
4.824798905438919,-0.053252734676132354,5,0,1,1
2.1882825519993365,1.8040461565778545,4,0,2,2
3.0719515921167124,2.210296534574075,4,2,2,2
4.83604081109031,0.4095210526123164,5,0,1,1
4.93281516169377,0.02263316091009877,5,0,1,1
3.717293609216022,0.16216170374898725,5,0,1,1
0.5793530073916359,-0.45794592057207084,3,0,0,0
4.761594906977179,0.23218554725997975,5,0,1,1
0.19540750111904964,-0.1913759458321125,3,0,0,0
1.8853879312092385,-1.125720686901705,3,0,0,0
0.4165341739927703,-0.2604858973255099,4,0,0,0
2.9306700801954064,0.10256237434344677,5,0,1,1
1.0088137526912782,0.5358759131600359,4,0,0,2
1.045761122363692,-0.9269961383102774,3,0,0,0
1.1763341247191217,-0.49720918482379006,3,0,0,0
4.959098920262244,0.12440017054476644,5,0,1,1
1.956195592646773,0.680621229908898,4,0,0,2
4.719426039357551,0.33097170516563545,5,0,1,1
2.022445536715956,1.470177573424132,4,0,2,2
2.357670847849797,1.6333572194988701,4,0,2,2
1.8619952897644987,-1.0650088813192073,3,0,0,0
3.316587233578751,1.9007632989152328,4,1,2,2
5.356578880141313,0.06328021670063963,5,0,1,1
4.084401746759975,0.08355587426942011,5,0,1,1
4.1168629584269985,0.2900820748391858,5,0,1,1
1.185763723536008,-0.8927479633919608,3,0,0,0
4.491973486791592,0.16396873809756815,5,0,1,1
0.1398264196736599,-0.08747365674475834,3,0,0,0
0.2843701457406512,0.26400164645031626,3,0,0,2
4.62826006378806,0.19054642240102976,5,0,1,1
0.2692245170467695,-0.7371837359089991,3,0,0,0
2.792642229906455,1.3552731247198317,4,0,2,2
3.787452033566709,0.2343330806679793,5,0,1,1
-0.20564586379736527,0.231006354931154,3,0,0,0
3.587933196871776,0.17732073974453108,5,0,1,1
3.9414976608947985,0.20463059298881173,5,0,1,1
1.5609535768883744,0.9473613446837622,4,0,2,2
1.111688022462519,-0.49076701660896216,3,0,0,0
0.5240107871640733,-0.2974639581669651,3,0,0,0
0.6994346411059614,1.1234853863526406,4,0,2,2
1.4234698666331755,1.0208497240909031,4,0,2,2
0.6717690739647825,-0.6727846634939193,3,0,0,0
5.088176095247912,-0.18034795038432322,5,0,1,1
4.642462910819451,-0.011138029329606903,5,0,1,1
3.9066459228700685,-0.20170571918274316,5,0,1,1
1.223794865823094,0.734278336975157,4,0,0,2
-0.6109257454002616,0.6032812436763655,3,0,0,0
-0.16972289931045131,0.1497804564554084,3,0,0,0
1.5314255673126438,1.7034562095450154,4,0,2,2
3.1128875508638694,0.38117520661518656,5,0,1,1
4.769656185914335,0.3591866548375211,5,0,1,1
2.422852810429525,1.7165257450705198,4,0,2,2
1.0913589107475463,0.17859785304145637,4,0,0,2
0.34225250888742775,-0.34869724800150514,3,0,0,0
3.9991845358893134,0.007858457987339576,5,0,1,1
5.596236826920794,0.48436192034480147,5,0,1,1
0.6429963257410265,-0.18814467735030152,3,0,0,0
2.7376274537220633,0.08352748782818673,5,0,0,1
4.13017892816259,0.4351729113829194,5,0,1,1
1.934364509331853,1.4604317717284447,4,0,2,2
0.3185583348547688,-0.33205584800071464,3,0,0,0
1.26891920042051,0.25617848973354096,4,0,0,2
5.2090757662059595,0.10679046347307468,5,0,1,1
0.379362082225066,0.09967648702900332,3,0,0,0
0.6719564415446206,-0.4885836698008172,3,0,0,0
1.9590355251946607,2.293489794991287,4,1,2,2
4.009371854451751,0.44473771615074326,5,0,1,1
1.984071166465639,0.7049953857102516,4,0,0,2
3.3343100307263547,1.5768995355654543,4,0,2,2
3.938528027444803,0.2141617187275805,5,0,1,1
3.3153632194909672,0.25747527420290783,5,0,1,1
3.6723203801473265,0.027434939104052397,5,0,1,1
0.43837090091806136,-0.4449826362156044,3,0,0,0
1.0368904035920723,-0.965484100693261,3,0,0,0
0.1104325975880991,0.18580248945555558,3,0,0,0
2.137934983374538,1.5667689751122729,4,0,2,2
5.364946828272014,0.5252373174297469,5,0,1,1
1.3800588865380596,-0.510323274971041,3,0,0,0
-0.08494169401619851,-0.14080968842570882,3,0,0,0
4.106259459679136,0.10555019135000794,5,0,1,1
1.0423325006422748,-0.6908155116664084,3,0,0,0
3.501866464250589,2.403293346705326,4,2,2,2
0.9340952376124138,0.47218307762486095,4,0,0,2
1.5166619373220585,0.5296202751674197,4,0,0,2
0.2143535549112568,-0.2883535444757122,3,0,0,0
0.48851434285062384,-0.40760350441964116,3,0,0,0
5.41269669017512,0.3481756174426157,5,0,1,1
3.3049766318328184,0.10893701030940883,5,0,1,1
4.725279127071641,0.057044083085451544,5,0,1,1
3.2513051755817926,0.2295336478942247,5,0,1,1
2.422548344264934,2.312492856877207,4,1,2,2
0.9538539829837406,-0.7258765235361697,3,0,0,0
6.335511009406821,0.16613934904941458,5,1,1,1
0.6608248658505012,0.6692619584435379,4,0,0,2
1.364559373944233,1.4992076549264275,4,0,2,2
0.7353275670384014,-0.25758042573534173,3,0,0,0
1.9691782168154541,1.6108923943285873,4,0,2,2
4.28834235767546,0.29031074186585354,5,0,1,1
2.5025911081830876,1.3656477918827503,4,0,2,2
0.730448045717926,-0.4040355493637844,3,0,0,0
-0.6506032520812576,0.291685980975613,3,0,0,0
1.2662931526489694,-0.9298828583388815,3,0,0,0
4.450365895602929,0.06428723671052752,5,0,1,1
3.8660223087714374,0.11650235605991206,5,0,1,1
1.137395072183766,-0.8369482670611511,3,0,0,0
3.1143203678704277,2.245187416260521,4,2,2,2
3.5894206089711767,0.35154084632893245,5,0,1,1
4.5575075160991405,0.26959714018240827,5,0,1,1
1.5255098635210853,-1.3142162927177716,3,0,0,0
4.0196841433583375,0.37507088769084396,5,0,1,1
3.0815196485333454,0.29609109856026056,5,0,1,1
5.821843124947217,-0.0791021044882607,5,1,1,1
0.9691737431775708,-1.0249236528867673,3,0,0,0
4.088501201393393,0.217133013142864,5,0,1,1
4.062251998249464,0.1756865172204036,5,0,1,1
4.289421630992708,0.16671273679171678,5,0,1,1
4.582852583987407,0.21409754400455183,5,0,1,1
2.487348919863533,1.4976414638982911,4,0,2,2
0.49387694684021155,-0.14680523859988756,3,0,0,0
1.320667941806474,-1.038948895025904,3,0,0,0
1.800534183224334,1.1286615556221415,4,0,2,2
4.215373913702097,2.336165865411698,4,2,2,2
3.8114808743670485,0.26184102091943795,5,0,1,1
0.13473726491369814,-0.03366139286700196,3,0,0,0
0.765372489215301,-0.44981899368340983,3,0,0,0
1.815702624441543,1.4392366702913644,4,0,2,2
1.4494446823427294,-0.8702473168178404,3,0,0,0
0.7359515782081278,-0.733310024863464,3,0,0,0
0.7217019986516904,-0.4927832463169602,3,0,0,0
5.480894421347808,0.04238417977082542,5,0,1,1
1.5143390155137944,-0.5457324530171179,3,0,0,0
4.156942398963794,0.4174188439062603,5,0,1,1
3.1147679604356107,0.16944637458416503,5,0,1,1
2.649244386444425,2.06332467222474,4,1,2,2
1.3532905323878082,0.8251548628462477,4,0,2,2
4.609582421986322,0.19284490094708287,5,0,1,1
4.111531068654394,0.29027484840850715,5,0,1,1
-0.39706393971318005,-0.09443900911072793,3,0,0,0
2.911216846535488,1.528118808830044,4,0,2,2
-0.40198490050463964,0.12817351206259944,3,0,0,0
2.590742705816992,1.7852623680447477,4,0,2,2
-0.2056864933803577,-0.2699984160636069,3,0,0,0
3.7089717727904303,0.3342465672464126,5,0,1,1
2.019041869748752,1.52500290375708,4,0,2,2
1.0643514436515649,-0.20184292917906294,4,0,0,0
4.413844153925433,-0.04929169787885506,5,0,1,1
0.772717155597643,-0.5385695056249897,3,0,0,0
0.3273549999146468,-0.11774452029250976,3,0,0,0
3.6474525906795168,0.2655671986965126,5,0,1,1
0.9945488568179952,-0.3541586419253342,3,0,0,0
1.5120839378706263,-1.196786309309077,3,0,0,0
1.255679644104545,-0.7870338662169581,3,0,0,0
0.09312580420733875,-0.17696239919011056,3,0,0,0
4.386782375124371,0.21456142517044938,5,0,1,1
0.1347443932878581,-0.023006448599698193,3,0,0,0
1.142819389232957,-0.6172127292340747,3,0,0,0
0.999186344912455,-0.6415437970232102,3,0,0,0
4.180892270174865,-0.0027390673244811915,5,0,1,1
0.4046256744261832,-0.5328924301058424,3,0,0,0
0.4370109143824508,-0.01546638006938601,3,0,0,0
4.3522696355453006,0.22193789847700415,5,0,1,1
1.7606855271602464,0.6929019785494037,4,0,0,2
2.4827904049402565,1.6075535268507952,4,0,2,2
2.2076726363918713,1.714281524214035,4,0,2,2
2.345308223525073,1.9277945611528435,4,1,2,2
4.799351339583539,0.34048223108680226,5,0,1,1
0.7064984664958605,-0.2556141210108968,3,0,0,0
1.7269076138464485,-0.8601337810196077,3,0,0,0
1.0745657360874743,0.3576089723675556,4,0,0,2
2.6913894481587928,2.0737201708698985,4,1,2,2
0.5722495431057699,-0.5278410036618693,3,0,0,0
4.910617256751792,-0.31446691005201494,5,0,1,1
0.961947156492492,0.7140433132054306,4,0,0,2
1.4104035733185858,-1.1390199642992977,3,0,0,0
-0.5130826956247532,0.2777335128814854,3,0,0,0
3.302651541024446,-1.819696122314351,3,0,0,0
0.8109115097108252,-0.28214142260748787,3,0,0,0
-0.17310489768007614,0.10779298571682626,3,0,0,0
4.236151298261588,0.16784392467068068,5,0,1,1
1.7779247926194923,0.996739954522978,4,0,2,2
0.17604643807513853,-0.11462630869556224,3,0,0,0
-0.2375939581896584,0.15883731812197313,3,0,0,0
0.4961677464939802,-0.4547167161357727,3,0,0,0
1.7100150122953064,1.3868183626351742,4,0,2,2
0.7808118963052504,-0.16096154842970176,4,0,0,0
1.0517536552780644,0.034469690646887735,4,0,0,2
1.2361911277222548,-0.6850406070777154,3,0,0,0
1.3407611188033717,-0.8383209608600719,3,0,0,0
0.21099025905918498,0.05942241973315682,3,0,0,0
3.686759524618514,0.2802417557423097,5,0,1,1
2.6085399288409916,1.1437860912137348,4,0,2,2
0.41088170867157725,-0.13519558201259257,4,0,0,0
2.248714668096059,1.5633522464731424,4,0,2,2
-0.17531132705176702,-0.4035230831192138,3,0,0,0
2.8222142899206886,2.2213327185882776,4,2,2,2
-0.16077996083503462,-0.14924583708431874,3,0,0,0
1.2110790886954232,-0.7147233997971824,3,0,0,0
1.168829108987753,-0.8515099830002494,3,0,0,0
3.621068852915737,2.5451086818779496,4,2,2,2
1.6434993651119272,-1.2284105311919187,3,0,0,0
3.6233972461397452,0.32566607535805925,5,0,1,1
-0.3242500970422711,-0.06847062374563097,3,0,0,0
3.680625250184202,0.23011248625530933,5,0,1,1
1.642098112205491,-0.8240257169744629,3,0,0,0
1.8482617872251454,1.012123781508217,4,0,2,2
3.978714099978182,0.07767017577709462,5,0,1,1
5.011692836920697,0.39473927168478323,5,0,1,1
1.1003810470042878,0.2105859967551481,4,0,0,2
1.6769368838242806,0.9532152356854179,4,0,2,2
0.6607741509940035,-0.16024644777019734,3,0,0,0
1.6137699905119016,-1.02246796693823,3,0,0,0
1.0839754903623866,-0.667481704818561,3,0,0,0
5.547649369440853,0.2647889492900147,5,1,1,1
4.821072047571669,0.30623512100962014,5,0,1,1
1.7067454100303814,0.49174313814735005,4,0,0,2
4.5047679421863975,0.12740787385461724,5,0,1,1
3.7142099974160083,-0.042279380977954216,5,0,1,1
0.20422494947711817,-0.2637203616985782,3,0,0,0
3.009980836346158,1.665361051025025,4,0,2,2
1.1877835088142439,-0.9287333268830265,3,0,0,0
1.748716596236764,1.6374776759089897,4,0,2,2
5.495634498358045,0.20812614325370243,5,0,1,1
4.223127653642824,2.777555949035109,4,2,2,2
0.9054133320252394,-0.7936222848182424,3,0,0,0
3.221192909917726,0.1599119517094711,5,0,1,1
2.914455822635637,1.966363183870505,4,1,2,2
1.3975646699395123,-0.4228032543072201,3,0,0,0
0.07675167391588524,0.08163356987553629,3,0,0,0
-0.29335267385280106,0.24847916074143703,3,0,0,0
0.45461461489506644,-0.33953797499306376,3,0,0,0
2.4644675426416756,0.8501347772556009,4,0,0,2
0.6326437614835377,-0.5176328598554751,3,0,0,0
3.748534626859297,0.250353746359013,5,0,1,1
3.5728610588262164,2.955112512756341,4,2,2,2
-0.6750128825995149,-0.05995900645806107,3,0,0,0
4.047657965752622,0.13526651866903636,5,0,1,1
4.874565048662347,0.15465079628703446,5,0,1,1
1.4155039007362133,1.1262795800202745,4,0,2,2
4.5532199425873054,0.2767423700105524,5,0,1,1
2.972796936644932,1.9674015979082777,4,1,2,2
4.488042984926612,0.29701646978340757,5,0,1,1
1.623749264925519,2.2718117156090276,4,1,2,2
3.66358626993161,1.7948289940336775,4,0,2,2
0.2244582172527313,0.019667182962878883,3,0,0,0
0.9908645660072334,-0.8563391739088735,3,0,0,0
-0.024002994525715325,-0.2887794188477945,3,0,0,0
0.5336607849969407,-0.2167846844522261,3,0,0,0
3.175726748657596,0.2664083235794229,5,0,1,1
0.20877537765903598,-0.2616253666419496,3,0,0,0
3.9290404354283486,0.4870525592106039,5,0,1,1
0.7675814008182794,-0.09764853662639177,3,0,0,0
2.2179955339657056,1.2932742355155704,4,0,2,2
4.779821367609922,0.1391312676416598,5,0,1,1
4.062513243541046,0.29781180780083055,5,0,1,1
3.5506707195817935,3.158364911726609,4,2,2,2
0.566019011731242,-0.4033247033101877,3,0,0,0
4.125850911046146,0.28620191261617195,5,0,1,1
2.147558708147798,2.0738119827432238,4,1,2,2
3.7886035003947365,0.2893489433749912,5,0,1,1
2.0267361432809836,0.8099884835562575,4,0,2,2
4.253488251921336,0.3093214065569976,5,0,1,1
4.131596188439992,0.3148374237315508,5,0,1,1
4.618087670794435,0.5393037685314157,5,0,1,1
6.075535134707319,0.2691886067091948,5,0,1,1
4.170091018380722,0.32541325126585513,5,0,1,1
0.5664241380146828,-0.31815040431954783,3,0,0,0
1.8858053505449663,0.6341041222856245,4,0,0,2
5.527579881134475,0.37003951613163394,5,0,1,1
3.685200366861918,2.1174629100295665,4,2,2,2
3.265967394361233,0.24544003505479625,5,0,1,1
-0.33068834164186506,-0.07856680017882278,4,0,0,0
2.969392970604082,1.6193554549292266,4,0,2,2
0.530392027401849,0.14631421851682003,3,0,0,2
3.8115190526323537,0.5194849552198371,5,0,1,1
1.1721814056708797,-0.8868313255768095,3,0,0,0
-0.04347559334403622,-0.22969351463490006,3,0,0,0
4.1980081767544135,0.11175423769533176,5,0,1,1
4.4026806159465695,0.09322109508590143,5,0,1,1
0.6862302249394523,-0.8943575778238778,3,0,0,0
3.092274337429023,0.16985734841735883,5,0,1,1
5.3060665409685726,0.23591535445185902,5,0,1,1
1.4674643615791032,1.311975477472371,4,0,2,2
0.7317054661291099,-0.6283448094883867,3,0,0,0
1.9136882345496502,1.8147085379946002,4,0,2,2
4.792802463707292,0.18298124697946996,5,0,1,1
3.5956062899547634,0.3517277633701578,5,0,1,1
4.825361858573957,-0.06813427613476017,5,0,1,1
4.0436066158638875,0.2700164900599246,5,0,1,1
4.859199563439675,0.1776077846248322,5,0,1,1
0.5896279158266803,-0.6638309435496665,3,0,0,0
3.251551307543174,0.3790991236189547,5,0,1,1
4.9460740085176385,0.15208306135643085,5,0,1,1
2.276817348254967,1.3872187208806712,4,0,2,2
3.474984235330384,1.0312788140327698,4,0,0,2
2.7268356452110836,1.1669239526979007,4,0,2,2
6.187578030585789,0.23548392168700785,5,0,1,1
0.07436183736949334,-0.1872504332171893,3,0,0,0
2.8773134071338946,0.2258457060454716,5,0,1,1
2.375860813197451,1.615076109177561,4,0,2,2
1.6512606112511565,-0.7861445699147479,3,0,0,0
4.9677597898256876,2.7723190088014937,4,2,2,2
1.1637761829767648,1.1248214163896162,4,0,2,2
1.429857056187178,-0.5625923490137011,3,0,0,0
1.3773268422102527,-0.7940299565972605,3,0,0,0
2.899537947513124,0.17052945859926283,5,0,1,1
3.2144558123899136,0.25921684253314453,5,0,1,1
1.5917599338717288,-0.4743575435531376,3,0,0,0
1.1123687054623164,1.164353330205255,4,0,2,2
4.755373733344325,0.09500792547396013,5,0,1,1
1.8329807581526543,0.6667832235052016,4,0,0,2
1.1426313111363071,-0.5388216462036773,3,0,0,0
0.5694217956902274,-0.49181195688869106,3,0,0,0
3.9542138782912417,0.2502009963775332,5,0,1,1
3.748174914822997,0.380642715313072,5,0,1,1
1.0248533088956373,-0.5447886632738606,3,0,0,0
3.499525406209923,0.2597867839916244,5,0,1,1
1.8770607091061915,0.3444200594354191,4,0,0,2
3.8040505074957305,0.288663937801753,5,0,1,1
0.5328762385152924,-0.39612329582774436,3,0,0,0
1.060292777937885,0.18194465006096508,4,0,0,2
2.0969548616026428,0.9461738252941924,4,0,2,2
3.5399839134306323,0.11742948875450676,5,0,1,1
-0.9381104241126105,0.5923574906197192,3,0,0,0
0.03168563578733567,-0.17848284831642655,3,0,0,0
5.659481683835997,0.1655953219102611,5,1,1,1
2.035667718206559,1.5904951411308161,4,0,2,2
2.444834943423117,1.3162849912728651,4,0,2,2
1.75968246185202,-1.1266887316804777,3,0,0,0
0.4348502193051536,-0.38860089510620016,3,0,0,0
4.8383575715885065,0.22827838368040926,5,0,1,1
1.3182353517354788,-1.0273596966870664,3,0,0,0
0.726650466816023,-0.32780954734875756,3,0,0,0
0.4196677292980085,-0.15834449108370163,4,0,0,0
0.9774671803728686,0.7030613710476126,4,0,0,2
3.9301825040770337,0.07267018047879248,5,0,1,1
2.036990185872085,1.2336035640597012,4,0,2,2
3.2869757687659296,2.2926284348161765,4,2,2,2
4.098205998382064,0.1443229217023932,5,0,1,1
3.4556722944015976,1.951957449553398,4,2,2,2
4.055487951507088,0.31669488349130603,5,0,1,1
1.1196809371743295,-0.7930645209944995,3,0,0,0
3.0454385132033788,1.3030737803040713,4,0,2,2
2.9311047908111307,2.461962113139426,4,2,2,2
1.3546191434064123,-0.7581206825038844,3,0,0,0
4.785436700728486,0.17785874146374503,5,0,1,1
0.7906726578145531,-0.33900685575389544,3,0,0,0
4.429093795343,0.16865977850690253,5,0,1,1
4.910988848589491,-0.01890826493332185,5,0,1,1
-0.29888601164003775,-0.299569207975854,3,0,0,0
4.331927762313982,0.20523848522023772,5,0,1,1
-0.15908185361083463,-0.13663289999539915,3,0,0,0
2.2260950127392434,1.283750158873982,4,0,2,2
4.2620876591029155,-0.0036291301285589213,5,0,1,1
0.9499853244817129,-0.8690198910325777,3,0,0,0
0.8001159984298012,-0.1917981651177294,3,0,0,0
1.0786007657863308,-0.6117471833280602,3,0,0,0
1.5838611047921163,-0.571320264745915,3,0,0,0
-0.032232780267714825,-0.39934890883503954,3,0,0,0
0.582471975756808,-0.0473204760693805,3,0,0,0
3.352838731759487,0.4716584211836953,5,0,1,1
4.179916389982107,0.05936794728389826,5,0,1,1
1.7132947911610426,-0.7086674257364529,3,0,0,0
2.4846711754990682,1.0952813411716527,4,0,2,2
3.923333372455911,0.43515123719573834,5,0,1,1
4.107262887957125,0.2260835057848444,5,0,1,1
2.756816628135628,0.19314862401698396,5,0,1,1
1.0414917826883163,0.7583491818221489,4,0,0,2
5.370603666126501,0.2741382686213571,5,0,1,1
1.524492079797305,0.9358040567745295,4,0,2,2
2.272596249865022,1.2373634614319455,4,0,2,2
1.0254143866330703,0.9095027440845314,4,0,2,2
3.7094946512266045,2.370957765357228,4,2,2,2
0.5960444079199902,-0.4225701293195408,3,0,0,0
3.940623353546294,0.29983841841816017,5,0,1,1
1.356004577020536,0.5092322886063293,4,0,0,2
1.661376122991705,-0.7752395577855696,3,0,0,0
0.6488811845397889,0.6758511651809339,4,0,0,2
1.4286422898271154,1.3572152121753198,4,0,2,2
1.5753462235034232,0.5772280182402002,4,0,0,2
4.571138946897396,0.1649480236585946,5,0,1,1
3.3254072205564547,1.7116068571900045,4,1,2,2
1.7850711221231825,0.9677515240860849,4,0,2,2
0.9955159263662946,-0.4606753654996643,3,0,0,0
3.159674902617856,2.102795505358072,4,2,2,2
4.166852380725829,0.3490067607634361,5,0,1,1
1.2240883275709773,1.0495694105394804,4,0,2,2
4.071852915258658,2.553763357577531,4,2,2,2
3.09063255718793,2.514829150142755,4,2,2,2
6.621135634439367,0.15794469927452617,5,0,1,1
4.186474767032002,-0.026269419362813372,5,0,1,1
2.555874523106177,2.4072731222077723,4,1,2,2
0.5130517257445051,-0.22578465231575184,3,0,0,0
1.3965226101846695,-1.062063962645241,3,0,0,0
4.402638579647878,0.32613535793992704,5,0,1,1
0.7901964418848983,-0.9075256477704516,3,0,0,0
-0.44226204526172,0.17165290083022086,3,0,0,0
5.07715835293881,0.4635376919576832,5,0,1,1
3.898592738974608,0.2204043346849819,5,0,1,1
0.7030071187044531,-0.47252784484094573,3,0,0,0
-0.342090896912321,-0.8848989492735704,4,0,0,2
5.26329381322572,0.24410587395823283,5,0,1,1
3.7798962045451674,2.325003831510149,4,2,2,2
5.058359330649218,0.4034622768979213,5,0,1,1
1.3588145225958363,-1.1009441162652203,3,0,0,0
3.0354249960703865,1.7865889013168572,4,1,2,2
0.8071513541432301,-0.03773062519218166,3,0,0,0
1.8328355478836946,1.1210497764195102,4,0,2,2
3.849794836803515,0.2615860661001867,5,0,1,1
0.8159258076489224,0.7168736232196934,4,0,0,2
-0.06586383091710914,-0.2594977413539491,4,0,0,0
3.251524804419211,2.30432815262668,4,2,2,2
0.31442314290795464,-0.21471675715149868,3,0,0,0
3.8498101903680717,0.00947665681765665,5,0,1,1
3.3506429966288884,0.147315816272374,5,0,1,1
2.2619550460057587,0.958461182425412,4,0,2,2
1.7477433205871142,-1.1566738635131208,3,0,0,0
0.6035295209681606,0.9367053465412675,4,0,0,2
1.2576184087891125,-0.4761158897848133,3,0,0,0
0.6818103429778344,-0.24625600483221663,3,0,0,0
2.7932604290027334,0.3543302426584324,5,0,1,1
4.226349469197578,0.3682077883038202,5,0,1,1
3.6111857329976234,0.16282723630217158,5,0,1,1
0.21633178980909862,-0.32972728190519623,3,0,0,0
2.238247280346093,1.4991820192110208,4,0,2,2
0.44824602006384573,-0.4546692443609087,3,0,0,0
2.3270203025832976,1.522664815771803,4,0,2,2
3.9608235567050913,1.9094738970577074,4,0,2,2
1.343763424298607,0.33428992006042524,4,0,0,2
0.3872652053312354,0.17235217300199415,4,0,0,2
4.287151611747142,0.18450698761499076,5,0,1,1
0.4999993623271055,-0.3988214262133528,3,0,0,0
4.920314947277886,0.3452178001251459,5,0,1,1
4.947792102854443,0.20075001642098653,5,0,1,1
0.48857935254566826,-1.0329195612505861,3,0,0,0
1.012087506477628,0.8396846209109364,4,0,2,2
1.1770901875679918,-0.5837529741975848,3,0,0,0
4.083920068996998,0.04043315924411689,5,0,1,1
3.8340824728433747,0.17665905209877905,5,0,1,1
3.8244684333134056,0.023481633796838,5,0,1,1
0.38435803932986257,-0.34812249684474944,3,0,0,0
2.0237734584400666,1.4126549484503184,4,0,2,2
5.535509098297031,-0.10930631663630293,5,0,1,1
-0.22379056259537933,-0.042371516052368524,4,0,0,0
4.3688140465200735,0.22415507657417325,5,0,1,1
2.4244691882471354,1.8925966032525692,4,1,2,2
-0.20767891753697737,-0.043428823720864436,3,0,0,0
0.7005308451081494,-0.5334617892702133,3,0,0,0
5.181373697202708,0.15671974713395673,5,0,1,1
0.6390215383192575,-0.06696260153908827,3,0,0,0
3.0751050871102232,2.3588288569385356,4,2,2,2
2.9257206068102173,1.392439126277569,4,0,2,2
4.418543789153458,0.2784561586070717,5,0,1,1
1.2887972001645147,-0.1528485361863644,4,0,0,2
0.4987133056136041,-0.536922171694153,3,0,0,0
2.6315211714614386,0.5294728651898254,4,0,0,1
2.8993043357526647,2.018766384739797,4,1,2,2
1.0136848756589956,-0.1444203845519118,3,0,0,0
3.4546905295057337,0.11866383181184552,5,0,1,1
4.323018993714203,0.18705010680243134,5,0,1,1
4.730535952147108,0.17603689614235424,5,0,1,1
-0.572973760545913,0.2902570165646792,3,0,0,0
1.1377342489712003,0.2763407191466113,4,0,0,2
5.311569221037557,0.36106826383120244,5,0,1,1
0.8087187101272969,-0.582676797982131,3,0,0,0
3.6461943509864736,1.8779593462745687,4,2,2,2
0.5920683637426899,0.8591787278825566,4,0,0,2
4.076331138722638,0.43041540161800396,5,0,1,1
4.202496770171884,0.06503214607936096,5,0,1,1
4.6772090443662675,0.11001921496806452,5,0,1,1
3.7012263424244987,0.08784652184157547,5,0,1,1
2.973030954203984,0.1917729013961116,5,0,1,1
2.854547031433154,1.8947364641299482,4,1,2,2
0.4757613044342177,-0.2956066619631084,3,0,0,0
5.286546576829756,0.6292718232663097,5,0,1,1
1.6376812523125945,1.7969791675113749,4,0,2,2
1.0637600751884249,1.2041818295221456,4,0,2,2
0.6466654105895456,-0.355029302382332,3,0,0,0
1.306669617052412,1.9066291783447755,4,0,2,2
2.034353948954821,1.3719312202955838,4,0,2,2
4.247206771902546,0.09745104025122345,5,0,1,1
5.275800297047728,0.21785718697353057,5,0,1,1
4.548925890396617,0.2010884898288301,5,0,1,1
2.261563306728058,1.9221204623768728,4,1,2,2
2.6949828232802866,0.9624503169710895,4,0,2,2
2.0722681876975715,1.283846103787696,4,0,2,2
0.2278745757257121,0.07884198950421739,3,0,0,0
-0.31961053871117057,0.05812179805106002,3,0,0,0
0.3865699555021342,-0.33215575941474584,3,0,0,0
3.9939329323578323,0.3610170884145177,5,0,1,1
5.1853928702085526,0.1764194652484849,5,0,1,1
3.5932723785527543,0.01831532782071013,5,0,1,1
0.7561099371561302,-0.7479053203613296,3,0,0,0
3.4365379281903987,0.25265367636194735,5,0,1,1
1.9228022320894915,-1.4388127626213396,3,0,0,0
4.731969773892904,0.33283345611304366,5,0,1,1
4.419539898959301,0.375536152821087,5,0,1,1
1.03997790593324,0.18928141443773358,4,0,0,2
1.4208083143911336,-0.7813858631019064,3,0,0,0
2.9177434830233753,1.4637031796592737,4,0,2,2
5.279603454807683,0.053858415111868924,5,0,1,1
1.5265790120014258,-0.9658227346773053,3,0,0,0
1.1658753080857926,1.4698776412427035,4,0,2,2
0.7601757005944938,-0.6404751031195723,3,0,0,0
4.8593134352420675,0.2483979916300258,5,0,1,1
3.057249201529102,0.09881361752085976,5,0,1,1
4.343490064863253,0.2895990474339271,5,0,1,1
3.591638676481004,0.11907875560648512,5,0,1,1
2.4043544456912698,1.4425790940324894,4,0,2,2
2.296238095861551,1.788054148876874,4,0,2,2
0.30554587458034027,-0.4448357704818823,3,0,0,0
1.0523010857922046,1.043441855120949,4,0,2,2
5.072108905941125,0.30137777543785077,5,0,1,1
1.5057337066169547,1.3158053732251933,4,0,2,2
0.8525741834929944,0.4443473985789745,4,0,0,2
1.7951711292429147,0.9467687090892543,4,0,2,2
0.9071351026645589,-0.29989878477943493,3,0,0,0
0.9367908779848813,1.0476542196560525,4,0,2,2
0.06632961050000606,-0.22622607191235095,3,0,0,0
2.257406528213244,1.158766476089062,4,0,2,2
2.417475499131175,1.3064748898919831,4,0,2,2
-0.1403055740108247,0.1697202655587928,3,0,0,0
3.401707083244223,-0.02627847022103807,5,0,1,1
2.17459423984318,1.46631766040336,4,0,2,2
-0.624007344556793,0.3034972217367214,3,0,0,0
2.0334672885079215,1.49824847357735,4,0,2,2
-0.10002003205268663,-0.018797448690889187,3,0,0,0
2.9972609095951928,0.32520314498078434,5,0,1,1
2.4039184168447156,1.1664142894324587,4,0,2,2
1.456503366179965,1.0762726085522074,4,0,2,2
0.8825622680634938,-0.48518801348925555,3,0,0,0
3.4112372346072584,0.017275198569216138,5,0,1,1
4.234104798456249,2.413985762996925,4,2,2,2
3.5929088754659078,1.9536903197236237,4,2,2,2
-0.19072010118855978,0.005678922141919996,3,0,0,0
3.523832152285662,0.06679037453070202,5,0,1,1
2.2835654313901292,1.259570896447527,4,0,2,2
3.8679398859703835,0.18063157047259817,5,0,1,1
3.963277216751013,0.21901787176626228,5,0,1,1
3.9748486433528645,0.3629312132767911,5,0,1,1
1.4237921433555651,-0.7878986723258724,3,0,0,0
0.06185317715898885,0.08200462408881377,3,0,0,0
1.0475240046340544,0.6918729925990118,4,0,0,2
0.942200670038098,0.9988858653794606,4,0,2,2
0.6728124292167394,-0.3864239680769812,3,0,0,0
1.122247522714489,-0.7026516356052824,3,0,0,0
4.578992667648238,0.25880012377126055,5,0,1,1
-0.1483518775173437,-0.3499890143816534,3,0,0,0
3.8982759422891493,0.15280030356827312,5,0,1,1
-0.207893347553684,-0.2396173016092851,3,0,0,0
3.025528614058229,1.7369813370935239,4,1,2,2
0.28042805375647706,-0.2611188742948445,3,0,0,0
3.6261067060817043,0.17796751882948622,5,0,1,1
3.4773220322399983,0.1237811006953282,5,0,1,1
4.581992798339617,0.0076654206479760175,5,0,1,1
4.8731744878724905,0.04902515086445234,5,0,1,1
3.4731935272062624,0.3551105701274269,5,0,1,1
4.653575349963549,0.09935138772217349,5,0,1,1
3.9148458893371822,-0.07424034944938035,5,0,1,1
2.6295524512572674,0.412587480133546,5,0,0,1
4.924615427765532,0.06236286938656309,5,0,1,1
2.618941286353086,2.4949995411687906,4,1,2,2
2.442995749869765,1.7427149718424992,4,0,2,2
3.904350396191021,0.27724944232325655,5,0,1,1
5.577563858675349,0.11057580626072831,5,1,1,1
4.6898535808911825,0.2221402585258159,5,0,1,1
-0.33528202380112393,0.10905710564516691,3,0,0,0
3.3518158842736914,0.3805508255226117,5,0,1,1
0.20764106110318217,-0.15028251684986155,3,0,0,0
1.862284716078513,0.1271774478730171,4,0,0,2
2.841476675755107,2.019092994403016,4,1,2,2
4.68603998847786,-0.041028303629907614,5,0,1,1
5.328421950544206,0.029927430306704635,5,0,1,1
2.645456811337662,0.7727806300926913,4,0,0,2
1.8901605677320985,-1.1943685823727561,3,0,0,0
3.1635648179494185,2.3830267601814388,4,2,2,2
4.568560682570682,0.1244732352002859,5,0,1,1
0.023781680065024673,-0.24818537303913418,3,0,0,0
-0.2185714532798208,0.2303237892879076,3,0,0,0
4.195799957132002,0.08519297424175949,5,0,1,1
0.2882463327398315,-0.5475643583566301,4,0,0,0
6.131711535514288,0.4694734230970681,5,0,1,1
0.8529608780627018,-0.5735806787123694,3,0,0,0
5.320411823496842,0.11445095610344358,5,0,1,1
2.0861338252663786,0.9687471190878719,4,0,2,2
3.9695926941647706,2.0867971098977276,4,2,2,2
5.049631746498219,0.2786354844000857,5,0,1,1
1.2294214254097828,-0.811216574536844,3,0,0,0
0.455477655856159,-0.3138412023123968,3,0,0,0
4.24490551251225,0.315834617559043,5,0,1,1
5.243156320459349,0.12277389117193374,5,0,1,1
-0.27951124254764265,0.15364852272731946,3,0,0,0
0.17428171664273193,-0.277788492187671,3,0,0,0
4.915795365650005,0.15019892879902746,5,0,1,1
3.3466806963965197,1.554528639897153,4,0,2,2
3.9028025734163188,0.10354852033934908,5,0,1,1
5.320265014553444,0.03203079888067088,5,0,1,1
2.596120363153244,2.1413934707198323,4,1,2,2
1.1382154376981388,-0.5570166387901222,3,0,0,0
0.42784280559098653,-0.09128807631739705,3,0,0,0
5.040350826065113,0.14215568546087176,5,0,1,1
1.4567797421332729,-0.8064903763616491,3,0,0,0
4.544365844662766,0.23052744182896395,5,0,1,1
-0.38536442207118543,-0.38980543543958057,4,0,0,0
1.5453238765243829,1.434854731764229,4,0,2,2
1.4653618310925425,-0.9850613915799011,3,0,0,0
4.20856755728366,0.34346861266295947,5,0,1,1
0.4867671687309052,-0.44454080995274536,3,0,0,0
5.050065637967304,0.45764491311609407,5,0,1,1
5.93802661919431,0.21287558998544262,5,1,1,1
0.3589775595868404,-0.14275923747756758,4,0,0,0
3.3331426593973887,1.9437622788934954,4,2,2,2
2.7317155377828946,0.0032501266725483233,5,0,0,1
0.2994618556356804,-0.2992569138164466,3,0,0,0
0.6210567811149639,-0.6757019859982976,3,0,0,0
2.5602181820943013,0.29912044764158857,5,0,0,1
0.3407983772248979,-0.494809005976478,3,0,0,0
0.5304935961497143,-0.2731653817303143,3,0,0,0
2.4259732618535415,1.3053021605312867,4,0,2,2
-0.29063770377322456,0.1903871723446662,3,0,0,0
-0.8480278557845172,0.4419466298864709,3,0,0,0
6.343161364690974,0.1925490577871615,5,0,1,1
3.8376446633932426,0.18873355418907647,5,0,1,1
2.9831797077034103,1.3124813965923563,4,0,2,2
5.241202015529453,-0.03454199383581423,5,0,1,1
